-- =====================================================
-- INSERTS DE TARIFAS - PARTE 1 (A-B)
-- Ciudades que empiezan con A y B desde Bogotá
-- =====================================================

INSERT INTO shipping_rates 
(origin_city_id, destination_city_id, route, travel_frequency, min_dispatch_kg, price_per_kg, min_value, effective_date)
SELECT 
  o.id as origin_city_id,
  d.id as destination_city_id,
  rates.route,
  rates.travel_frequency,
  rates.min_dispatch_kg,
  rates.price_per_kg,
  rates.min_value,
  '2025-12-29'
FROM (
  SELECT 'BOGOTÁ D.C.' as origin_name, 'ACACÍAS' as dest_name, 'BOGOTA - ACACIAS' as route, 'DIARIA' as travel_frequency, 30 as min_dispatch_kg, 1300 as price_per_kg, 39000 as min_value
  UNION ALL SELECT 'BOGOTÁ D.C.', 'ACEVEDO', 'BOGOTA - FLORENCIA', 'DIARIA', 30, 1600, 48000
  UNION ALL SELECT 'BOGOTÁ D.C.', 'AGRADO', 'BOGOTA - PITALITO', 'DIARIA', 30, 2750, 82500
  UNION ALL SELECT 'BOGOTÁ D.C.', 'AGUA DE DIOS', 'BOGOTA - ESPINAL - LA MESA', 'DIARIA', 30, 1100, 33000
  UNION ALL SELECT 'BOGOTÁ D.C.', 'AGUACHICA', 'BUCARAMANGA - OCAÑA', 'DIARIA', 30, 1800, 54000
  UNION ALL SELECT 'BOGOTÁ D.C.', 'AGUAS BLANCAS', 'BARRANQUILLA - POBLACIONES VALLEDUPAR', 'DIARIA', 30, 2650, 79500
  UNION ALL SELECT 'BOGOTÁ D.C.', 'AGUAZUL', 'BOGOTA - TAURAMENA', 'DIARIA', 30, 1200, 36000
  UNION ALL SELECT 'BOGOTÁ D.C.', 'AGUSTÍN CODAZZI', 'BUCARAMANGA - POBLACIONES VALLEDUPAR', 'DIARIA', 30, 2400, 72000
  UNION ALL SELECT 'BOGOTÁ D.C.', 'AIPE', 'BOGOTA - NEIVA', 'DIARIA', 30, 1200, 36000
  UNION ALL SELECT 'BOGOTÁ D.C.', 'ALBÁN', 'BOGOTA - HONDA', 'MARTES, JUEVES Y SABADO', 30, 1150, 34500
  UNION ALL SELECT 'BOGOTÁ D.C.', 'ALBANIA', 'BARRANQUILLA - RIOHACHA', 'DOMINGO, MIERCOLES Y VIERNES', 30, 2700, 81000
  UNION ALL SELECT 'BOGOTÁ D.C.', 'ALCALÁ', 'BOGOTA - ARMENIA', 'DIARIA', 30, 1700, 51000
  UNION ALL SELECT 'BOGOTÁ D.C.', 'ALDANA', 'PASTO - RUTA SUR POBLACIONES IPIALES', 'JUEVES DESDE PASTO', 30, 3450, 103500
  UNION ALL SELECT 'BOGOTÁ D.C.', 'ALTAMIRA', 'BOGOTA - PITALITO', 'DIARIA', 30, 1700, 51000
  UNION ALL SELECT 'BOGOTÁ D.C.', 'ALTAQUER', 'PASTO - RUTA PACIFICO TUMACO', 'SABADO DESDE PASTO', 30, 3600, 105000
  UNION ALL SELECT 'BOGOTÁ D.C.', 'ALTO POMPEYA', 'BOGOTA - PUERTO GAITAN', 'DIARIA', 30, 1500, 45000
  UNION ALL SELECT 'BOGOTÁ D.C.', 'ALVARADO', 'BOGOTA - HONDA', 'MARTES, JUEVES Y SABADO', 30, 1950, 58500
  UNION ALL SELECT 'BOGOTÁ D.C.', 'AMAGÁ', 'MEDELLIN - QUIBDO', 'SABADO DESDE MEDELLIN', 30, 2900, 87000
  UNION ALL SELECT 'BOGOTÁ D.C.', 'ANAPOIMA', 'BOGOTA - ESPINAL - LA MESA', 'DIARIA', 30, 1100, 33000
  UNION ALL SELECT 'BOGOTÁ D.C.', 'ANDALUCÍA', 'CALI - CARTAGO', 'DIARIA', 30, 2200, 66000
  UNION ALL SELECT 'BOGOTÁ D.C.', 'APARTADÓ', 'MEDELLIN - APARTADO', 'MIERCOLES - SABADO DESDE MEDELLIN', 30, 2250, 67500
  UNION ALL SELECT 'BOGOTÁ D.C.', 'APIAY', 'BOGOTA - PUERTO GAITAN', 'DIARIA', 30, 1500, 45000
  UNION ALL SELECT 'BOGOTÁ D.C.', 'APULO', 'BOGOTA - ESPINAL - LA MESA', 'DIARIA', 30, 1100, 33000
  UNION ALL SELECT 'BOGOTÁ D.C.', 'ARACATACA', 'BARRANQUILLA - POBLACIONES VALLEDUPAR', 'DIARIA', 30, 2650, 79500
  UNION ALL SELECT 'BOGOTÁ D.C.', 'ARAGUANEY', 'BOGOTA - TRINIDAD', 'DIARIA', 30, 1650, 49500
  UNION ALL SELECT 'BOGOTÁ D.C.', 'ARATOCA', 'BUCARAMANGA - SAN GIL (POBLACIONES)', 'DIARIA', 30, 1600, 48000
  UNION ALL SELECT 'BOGOTÁ D.C.', 'ARAUCA', 'BOGOTA - ARAUCA', 'DIARIA', 30, 1700, 51000
  UNION ALL SELECT 'BOGOTÁ D.C.', 'ARAUQUITA', 'BOGOTA - ARAUCA', 'DIARIA', 30, 1700, 51000
  UNION ALL SELECT 'BOGOTÁ D.C.', 'ARBELÁEZ', 'BOGOTA - ESPINAL', 'DIARIA', 30, 2500, 75000
  UNION ALL SELECT 'BOGOTÁ D.C.', 'ARJONA', 'CARTAGENA - POBLACIONES', 'JUEVES DESDE CARTAGENA', 30, 1900, 57000
  UNION ALL SELECT 'BOGOTÁ D.C.', 'ARMENIA', 'BOGOTA - ARMENIA', 'DIARIA', 30, 1150, 34500
  UNION ALL SELECT 'BOGOTÁ D.C.', 'ARMERO', 'BOGOTA - HONDA', 'DIARIA', 30, 1700, 51000
  UNION ALL SELECT 'BOGOTÁ D.C.', 'ARROYO DE PIEDRA', 'BARRANQUILLA - CARTAGENA- VIA AL MAR', 'LUNES Y JUEVES DESDE BARRANQUILLA', 30, 2150, 64500
  UNION ALL SELECT 'BOGOTÁ D.C.', 'ARROYO DE PIEDRA', 'BARRANQUILLA - CARTAGENA- VIA LA CORDIALIDAD', 'LUNES Y JUEVES DESDE BARRANQUILLA', 30, 2460, 73500
  UNION ALL SELECT 'BOGOTÁ D.C.', 'AYACUCHO', 'BARRANQUILLA - CARTAGENA- VIA LA CORDIALIDAD', 'LUNES Y JUEVES DESDE BARRANQUILLA', 30, 2460, 73500
  UNION ALL SELECT 'BOGOTÁ D.C.', 'BARANOA', 'BARRANQUILLA - CARTAGENA- VIA LA CORDIALIDAD', 'LUNES Y JUEVES DESDE BARRANQUILLA', 30, 2100, 63000
  UNION ALL SELECT 'BOGOTÁ D.C.', 'BARBACOAS', 'PASTO - RUTA PACIFICO TUMACO', 'SABADO DESDE PASTO', 30, 3450, 103500
  UNION ALL SELECT 'BOGOTÁ D.C.', 'BARBOSA', 'BOGOTA - SAN GIL', 'DIARIA', 30, 1250, 37500
  UNION ALL SELECT 'BOGOTÁ D.C.', 'BARCELONA DE INDIAS', 'BARRANQUILLA - CARTAGENA- VIA AL MAR', 'LUNES Y JUEVES DESDE BARRANQUILLA', 30, 2150, 64500
  UNION ALL SELECT 'BOGOTÁ D.C.', 'BARRANCA DE UPIA', 'BOGOTA - VILLANUEVA', 'DIARIA', 30, 1250, 37500
  UNION ALL SELECT 'BOGOTÁ D.C.', 'BARRANCABERMEJA', 'BOGOTA - BARRANCABERMEJA', 'DIARIA', 30, 1800, 54000
  UNION ALL SELECT 'BOGOTÁ D.C.', 'BARRANCAS', 'BARRANQUILLA - POBLACIONES MAICAO', 'LUNES Y JUEVES DESDE BARRANQUILLA', 30, 2700, 81000
  UNION ALL SELECT 'BOGOTÁ D.C.', 'BARRANQUILLA', 'BARRANQUILLA AREA METROPOLITANA', 'DIARIA', 30, 1550, 46500
  UNION ALL SELECT 'BOGOTÁ D.C.', 'BAYUNCA', 'BARRANQUILLA - CARTAGENA- VIA LA CORDIALIDAD', 'LUNES Y JUEVES DESDE BARRANQUILLA', 30, 2100, 63000
  UNION ALL SELECT 'BOGOTÁ D.C.', 'BECERRIL', 'BUCARAMANGA - POBLACIONES VALLEDUPAR', 'DIARIA', 30, 2400, 72000
  UNION ALL SELECT 'BOGOTÁ D.C.', 'BELÉN', 'BOGOTA - DUITAMA', 'DIARIA', 30, 1600, 48000
  UNION ALL SELECT 'BOGOTÁ D.C.', 'BELENCITO', 'BOGOTA - SOGAMOSO', 'DIARIA', 30, 1000, 30000
  UNION ALL SELECT 'BOGOTÁ D.C.', 'BELLO', 'MEDELLIN AREA METROPOLITANA', 'DIARIA', 30, 1150, 34500
  UNION ALL SELECT 'BOGOTÁ D.C.', 'BESOTE', 'BUCARAMANGA - POBLACIONES VALLEDUPAR', 'DIARIA', 30, 2400, 72000
  UNION ALL SELECT 'BOGOTÁ D.C.', 'BOAVITA', 'BOGOTA - NORTE DE BOYACA', 'MARTES DESDE BOGOTA', 30, 1400, 42000
  UNION ALL SELECT 'BOGOTÁ D.C.', 'BOGOTÁ D.C.', 'BOGOTA AREA METROPOLITANA', 'DIARIA', 30, 600, 18000
  UNION ALL SELECT 'BOGOTÁ D.C.', 'BOJACA', 'SABANA FACA', 'DIARIA', 30, 800, 24000
  UNION ALL SELECT 'BOGOTÁ D.C.', 'BOLOMBOLO', 'MEDELLIN - QUIBDO', 'SABADO DESDE MEDELLIN', 30, 3250, 97500
  UNION ALL SELECT 'BOGOTÁ D.C.', 'BOSCONIA', 'BARRANQUILLA - POBLACIONES VALLEDUPAR', 'DIARIA', 30, 2250, 67500
  UNION ALL SELECT 'BOGOTÁ D.C.', 'BOYACA', 'RUTA MIRAFLORES', 'MARTES DESDE BOGOTA', 30, 2650, 79500
  UNION ALL SELECT 'BOGOTÁ D.C.', 'BRICEÑO', 'SABANA TOCANCIPA', 'DIARIA', 30, 750, 22500
  UNION ALL SELECT 'BOGOTÁ D.C.', 'BUCARAMANGA', 'BUCARAMANGA AREA METROPOLITANA', 'DIARIA', 30, 1150, 34500
  UNION ALL SELECT 'BOGOTÁ D.C.', 'BUENAVENTURA', 'CALI - BUENAVENTURA', 'DIARIA', 30, 2100, 63000
  UNION ALL SELECT 'BOGOTÁ D.C.', 'BUENAVISTA', 'BARRANQUILLA - SINCELEJO (POBLACIONES_1)', 'DIARIA', 30, 2900, 87000
  UNION ALL SELECT 'BOGOTÁ D.C.', 'BUESACO', 'PASTO - RUTA NORTE LA UNION', 'MIERCOLES DESDE PASTO', 30, 3450, 103500
  UNION ALL SELECT 'BOGOTÁ D.C.', 'BUGALAGRANDE', 'CALI - CARTAGO', 'DIARIA', 30, 1800, 54000
  UNION ALL SELECT 'BOGOTÁ D.C.', 'BURITICA', 'BARRANQUILLA - RIOHACHA', 'DOMINGO, MIERCOLES Y VIERNES', 30, 3050, 91500
) rates
JOIN cities o ON o.name = rates.origin_name
JOIN cities d ON d.name = rates.dest_name;

-- =====================================================
-- INSERTS DE TARIFAS - PARTE 2 (C)
-- Ciudades que empiezan con C desde Bogotá
-- =====================================================

INSERT INTO shipping_rates 
(origin_city_id, destination_city_id, route, travel_frequency, min_dispatch_kg, price_per_kg, min_value, effective_date)
SELECT 
  o.id as origin_city_id,
  d.id as destination_city_id,
  rates.route,
  rates.travel_frequency,
  rates.min_dispatch_kg,
  rates.price_per_kg,
  rates.min_value,
  '2025-12-29'
FROM (
  SELECT 'BOGOTÁ D.C.' as origin_name, 'CABRERA' as dest_name, 'BOGOTA - ESPINAL' as route, 'DIARIA' as travel_frequency, 30 as min_dispatch_kg, 2500 as price_per_kg, 75000 as min_value
  UNION ALL SELECT 'BOGOTÁ D.C.', 'CABUYARO', 'BOGOTA - VILLANUEVA', 'SABADO DESDE BOGOTA', 30, 3600, 105000
  UNION ALL SELECT 'BOGOTÁ D.C.', 'CACERES', 'MEDELLIN - CAUCASIA', 'DIARIA', 30, 2250, 67500
  UNION ALL SELECT 'BOGOTÁ D.C.', 'CAICEDONIA', 'CALI - CARTAGO', 'DIARIA', 30, 2400, 72000
  UNION ALL SELECT 'BOGOTÁ D.C.', 'CAJAMARCA', 'BOGOTA - ARMENIA', 'DIARIA', 30, 2100, 63000
  UNION ALL SELECT 'BOGOTÁ D.C.', 'CAJICÁ', 'SABANA CHIA', 'DIARIA', 30, 700, 21000
  UNION ALL SELECT 'BOGOTÁ D.C.', 'CALAMAR', 'BARRANQUILLA - SINCELEJO (POBLACIONES_1)', 'DIARIA', 30, 2150, 64500
  UNION ALL SELECT 'BOGOTÁ D.C.', 'CALARCÁ', 'BOGOTA - ARMENIA', 'DIARIA', 30, 1150, 34500
  UNION ALL SELECT 'BOGOTÁ D.C.', 'CALDAS', 'MEDELLIN AREA METROPOLITANA', 'DIARIA', 30, 1150, 34500
  UNION ALL SELECT 'BOGOTÁ D.C.', 'CALI', 'CALI AREA METROPOLITANA', 'DIARIA', 30, 1150, 34500
  UNION ALL SELECT 'BOGOTÁ D.C.', 'CALOTO', 'CALI - PALMIRA-2', 'DIARIA', 30, 1550, 46500
  UNION ALL SELECT 'BOGOTÁ D.C.', 'CAMBAO', 'BOGOTA - HONDA', 'DIARIA', 30, 1150, 34500
  UNION ALL SELECT 'BOGOTÁ D.C.', 'CAMPECHE', 'BARRANQUILLA - CARTAGENA- VIA LA CORDIALIDAD', 'LUNES Y JUEVES DESDE BARRANQUILLA', 30, 2150, 64500
  UNION ALL SELECT 'BOGOTÁ D.C.', 'CAMPO DE LA CRUZ', 'BARRANQUILLA - SINCELEJO (POBLACIONES_1)', 'DIARIA', 30, 2150, 64500
  UNION ALL SELECT 'BOGOTÁ D.C.', 'CAMPOALEGRE', 'BOGOTA - PITALITO', 'DIARIA', 30, 1600, 48000
  UNION ALL SELECT 'BOGOTÁ D.C.', 'CANDELARIA', 'CALI - PALMIRA-2', 'DIARIA', 30, 1500, 45000
  UNION ALL SELECT 'BOGOTÁ D.C.', 'CAPITANEJO', 'BOGOTA - CUCUTA', 'DIARIA', 30, 1550, 46500
  UNION ALL SELECT 'BOGOTÁ D.C.', 'CAQUEZA', 'BOGOTA - VILLAVICENCIO', 'DIARIA', 30, 1550, 46500
  UNION ALL SELECT 'BOGOTÁ D.C.', 'CARACOLI', 'BARRANQUILLA - POBLACIONES VALLEDUPAR', 'DIARIA', 30, 2650, 79500
  UNION ALL SELECT 'BOGOTÁ D.C.', 'CAREPA', 'MEDELLIN - APARTADO', 'MIERCOLES - SABADO DESDE MEDELLIN', 30, 2250, 67500
  UNION ALL SELECT 'BOGOTÁ D.C.', 'CARIBAYONA', 'BOGOTA - VILLANUEVA', 'LUNES DESDE BOGOTA', 30, 3550, 106500
  UNION ALL SELECT 'BOGOTÁ D.C.', 'CARMEN DE CARUPA', 'BOGOTA - CHIQUINQUIRA', 'MARTES Y VIERNES', 30, 2850, 85500
  UNION ALL SELECT 'BOGOTÁ D.C.', 'CARTAGENA DE INDIAS', 'BARRANQUILLA - CARTAGENA- VIA LA CORDIALIDAD', 'LUNES Y JUEVES DESDE BARRANQUILLA', 30, 1700, 51000
  UNION ALL SELECT 'BOGOTÁ D.C.', 'CARTAGO', 'BOGOTA - PEREIRA', 'DIARIA', 30, 1200, 36000
  UNION ALL SELECT 'BOGOTÁ D.C.', 'CASTILLA LA NUEVA', 'BOGOTA - ACACIAS', 'DIARIA', 30, 1350, 40500
  UNION ALL SELECT 'BOGOTÁ D.C.', 'CAUCASIA', 'MEDELLIN - CAUCASIA', 'DIARIA', 30, 2250, 67500
  UNION ALL SELECT 'BOGOTÁ D.C.', 'CERETE', 'BARRANQUILLA POBLACIONES MONTERIA 1', 'DOMINGO, MIERCOLES Y VIERNES', 30, 2900, 87000
  UNION ALL SELECT 'BOGOTÁ D.C.', 'CERINZA', 'BOGOTA - DUITAMA', 'DIARIA', 30, 1600, 48000
  UNION ALL SELECT 'BOGOTÁ D.C.', 'CHACHAGUI', 'PASTO - RUTA NORTE LA UNION', 'MIERCOLES DESDE PASTO', 30, 2650, 79500
  UNION ALL SELECT 'BOGOTÁ D.C.', 'CHIA', 'SABANA CHIA', 'DIARIA', 30, 700, 21000
  UNION ALL SELECT 'BOGOTÁ D.C.', 'CHICORAL', 'BOGOTA - IBAGUE', 'DIARIA', 30, 1100, 33000
  UNION ALL SELECT 'BOGOTÁ D.C.', 'CHIGORODO', 'MEDELLIN - APARTADO', 'MIERCOLES - SABADO DESDE MEDELLIN', 30, 2250, 67500
  UNION ALL SELECT 'BOGOTÁ D.C.', 'CHINACOTA', 'BOGOTA - CUCUTA', 'DIARIA', 30, 3650, 106500
  UNION ALL SELECT 'BOGOTÁ D.C.', 'CHINAUTA', 'BOGOTA - ESPINAL', 'DIARIA', 30, 1100, 33000
  UNION ALL SELECT 'BOGOTÁ D.C.', 'CHINAVITA', 'RUTA MIRAFLORES', 'MARTES DESDE BOGOTA', 30, 2750, 82500
  UNION ALL SELECT 'BOGOTÁ D.C.', 'CHINCHINA', 'BOGOTA - PEREIRA', 'DIARIA', 30, 1300, 39000
  UNION ALL SELECT 'BOGOTÁ D.C.', 'CHINU', 'BARRANQUILLA POBLACIONES MONTERIA 2', 'DOMINGO, MIERCOLES Y VIERNES', 30, 2300, 69000
  UNION ALL SELECT 'BOGOTÁ D.C.', 'CHIPAQUE', 'BOGOTA - VILLAVICENCIO', 'DIARIA', 30, 1550, 46500
  UNION ALL SELECT 'BOGOTÁ D.C.', 'CHIQUINQUIRA', 'BOGOTA - CHIQUINQUIRA', 'DIARIA', 30, 850, 25500
  UNION ALL SELECT 'BOGOTÁ D.C.', 'CHIRIGUANA', 'BUCARAMANGA - POBLACIONES VALLEDUPAR', 'DIARIA', 30, 2700, 81000
  UNION ALL SELECT 'BOGOTÁ D.C.', 'CHISCAS', 'BOGOTA - NORTE DE BOYACA', 'MARTES DESDE BOGOTA', 30, 2300, 69000
  UNION ALL SELECT 'BOGOTÁ D.C.', 'CHITA', 'BOGOTA - NORTE DE BOYACA', 'MARTES DESDE BOGOTA', 30, 2450, 73500
  UNION ALL SELECT 'BOGOTÁ D.C.', 'CHITAGA (NORTE DE SANTANDER)', 'BOGOTA - CUCUTA', 'DIARIA', 30, 2200, 66000
  UNION ALL SELECT 'BOGOTÁ D.C.', 'CHITARAQUE', 'BOGOTA - SAN GIL', 'DIARIA', 30, 1550, 46500
  UNION ALL SELECT 'BOGOTÁ D.C.', 'CHOACHI', 'BOGOTA - VILLAVICENCIO', 'DIARIA', 30, 2650, 79500
  UNION ALL SELECT 'BOGOTÁ D.C.', 'CHOCONTA', 'BOGOTA - TUNJA (POBLACIONES)', 'DIARIA', 30, 1150, 34500
  UNION ALL SELECT 'BOGOTÁ D.C.', 'CIENAGA', 'BARRANQUILLA - SANTA MARTA', 'DIARIA', 30, 2150, 64500
  UNION ALL SELECT 'BOGOTÁ D.C.', 'CIENAGA DE ORO', 'BARRANQUILLA POBLACIONES MONTERIA 2', 'DOMINGO, MIERCOLES Y VIERNES', 30, 2550, 76500
  UNION ALL SELECT 'BOGOTÁ D.C.', 'CIMITARRA', 'BOGOTA - BARRANCABERMEJA', 'DIARIA', 30, 2150, 64500
  UNION ALL SELECT 'BOGOTÁ D.C.', 'CIRCASIA', 'BOGOTA - ARMENIA', 'DIARIA', 30, 1350, 40500
  UNION ALL SELECT 'BOGOTÁ D.C.', 'CISNEROS', 'BOGOTA - PUERTO BERRIO', 'DIARIA', 30, 2300, 69000
  UNION ALL SELECT 'BOGOTÁ D.C.', 'CIUDAD BOLÍVAR', 'MEDELLIN - QUIBDO', 'SABADO DESDE MEDELLIN', 30, 3250, 97500
  UNION ALL SELECT 'BOGOTÁ D.C.', 'CLEMENCIA', 'BARRANQUILLA - CARTAGENA- VIA LA CORDIALIDAD', 'LUNES Y JUEVES DESDE BARRANQUILLA', 30, 2100, 63000
  UNION ALL SELECT 'BOGOTÁ D.C.', 'COGUA', 'SABANA ZIPAQUIRA', 'DIARIA', 30, 850, 25500
  UNION ALL SELECT 'BOGOTÁ D.C.', 'COLON', 'PASTO - RUTA PUTUMAYO', 'LUNES DESDE PASTO', 30, 2950, 88500
  UNION ALL SELECT 'BOGOTÁ D.C.', 'CONSACA', 'PASTO - RUTA ORIENTE SANDONA', 'MARTES DESDE PASTO', 30, 3450, 103500
  UNION ALL SELECT 'BOGOTÁ D.C.', 'CONTADERO', 'PASTO - RUTA SUR POBLACIONES IPIALES', 'JUEVES DESDE PASTO', 30, 3600, 105000
  UNION ALL SELECT 'BOGOTÁ D.C.', 'COPACABANA', 'MEDELLIN AREA METROPOLITANA', 'DIARIA', 30, 1150, 34500
  UNION ALL SELECT 'BOGOTÁ D.C.', 'CORDOBA', 'PASTO - RUTA SUR POBLACIONES IPIALES', 'JUEVES DESDE PASTO', 30, 3450, 103500
  UNION ALL SELECT 'BOGOTÁ D.C.', 'COROZAL', 'BARRANQUILLA - SINCELEJO (POBLACIONES_1)', 'DIARIA', 30, 2250, 67500
  UNION ALL SELECT 'BOGOTÁ D.C.', 'COTA', 'SABANA CHIA', 'DIARIA', 30, 700, 21000
  UNION ALL SELECT 'BOGOTÁ D.C.', 'COVEÑAS', 'BARRANQUILLA POBLACIONES MONTERIA 1', 'DOMINGO, MIERCOLES Y VIERNES', 30, 2650, 79500
  UNION ALL SELECT 'BOGOTÁ D.C.', 'CUASPUD CARLOSAMA', 'PASTO - RUTA SUR POBLACIONES IPIALES', 'JUEVES DESDE PASTO', 30, 3450, 103500
  UNION ALL SELECT 'BOGOTÁ D.C.', 'CUBARRAL', 'BOGOTA - ACACIAS', 'DIARIA', 30, 1350, 40500
  UNION ALL SELECT 'BOGOTÁ D.C.', 'CUCAITA', 'BOGOTA - TUNJA (POBLACIONES)', 'DIARIA', 30, 1200, 36000
  UNION ALL SELECT 'BOGOTÁ D.C.', 'CUCUNUBA', 'BOGOTA - CHIQUINQUIRA', 'MARTES Y VIERNES', 30, 2850, 85500
  UNION ALL SELECT 'BOGOTÁ D.C.', 'CUCUTA (NORTE DE SANTANDER)', 'BOGOTA - CUCUTA', 'DIARIA', 30, 1800, 54000
  UNION ALL SELECT 'BOGOTÁ D.C.', 'CUESTECITAS', 'BARRANQUILLA - POBLACIONES MAICAO', 'LUNES Y JUEVES DESDE BARRANQUILLA', 30, 2750, 82500
  UNION ALL SELECT 'BOGOTÁ D.C.', 'CUMARAL', 'BOGOTA - VILLANUEVA', 'DIARIA', 30, 1250, 37500
  UNION ALL SELECT 'BOGOTÁ D.C.', 'CUMBAL', 'PASTO - RUTA SUR POBLACIONES IPIALES', 'JUEVES DESDE PASTO', 30, 2950, 88500
  UNION ALL SELECT 'BOGOTÁ D.C.', 'CURITI', 'BOGOTA - SAN GIL', 'DIARIA', 30, 1550, 46500
  UNION ALL SELECT 'BOGOTÁ D.C.', 'CURUMANI', 'BUCARAMANGA - POBLACIONES VALLEDUPAR', 'DIARIA', 30, 2400, 72000
) rates
JOIN cities o ON o.name = rates.origin_name
JOIN cities d ON d.name = rates.dest_name;

-- =====================================================
-- INSERTS DE TARIFAS - PARTE 3 (D-E)
-- Ciudades que empiezan con D y E desde Bogotá
-- =====================================================

INSERT INTO shipping_rates 
(origin_city_id, destination_city_id, route, travel_frequency, min_dispatch_kg, price_per_kg, min_value, effective_date)
SELECT 
  o.id as origin_city_id,
  d.id as destination_city_id,
  rates.route,
  rates.travel_frequency,
  rates.min_dispatch_kg,
  rates.price_per_kg,
  rates.min_value,
  '2025-12-29'
FROM (
  SELECT 'BOGOTÁ D.C.' as origin_name, 'DABEIBA' as dest_name, 'MEDELLIN - APARTADO' as route, 'MIERCOLES - SABADO DESDE MEDELLIN' as travel_frequency, 30 as min_dispatch_kg, 2650 as price_per_kg, 79500 as min_value
  UNION ALL SELECT 'BOGOTÁ D.C.', 'DAGUA', 'CALI - BUENAVENTURA', 'DIARIA', 30, 2400, 72000
  UNION ALL SELECT 'BOGOTÁ D.C.', 'DIBULLA', 'BARRANQUILLA - RIOHACHA', 'DOMINGO, MIERCOLES Y VIERNES', 30, 3050, 91500
  UNION ALL SELECT 'BOGOTÁ D.C.', 'DISTRACCION', 'BARRANQUILLA - POBLACIONES MAICAO', 'LUNES Y JUEVES DESDE BARRANQUILLA', 30, 2700, 81000
  UNION ALL SELECT 'BOGOTÁ D.C.', 'DONMATIAS', 'MEDELLIN - CAUCASIA', 'DIARIA', 30, 2250, 67500
  UNION ALL SELECT 'BOGOTÁ D.C.', 'DORADAL', 'MEDELLIN - POBLACIONES DORADAL', 'DIARIA', 30, 1950, 58500
  UNION ALL SELECT 'BOGOTÁ D.C.', 'DOSQUEBRADAS', 'BOGOTA - PEREIRA', 'DIARIA', 30, 1150, 34500
  UNION ALL SELECT 'BOGOTÁ D.C.', 'DUITAMA', 'BOGOTA - DUITAMA', 'DIARIA', 30, 950, 28500
  UNION ALL SELECT 'BOGOTÁ D.C.', 'EL BORDO', 'BOGOTA - PASTO', 'DIARIA', 30, 2700, 81000
  UNION ALL SELECT 'BOGOTÁ D.C.', 'EL BURRO', 'BUCARAMANGA - POBLACIONES VALLEDUPAR', 'DIARIA', 30, 2400, 72000
  UNION ALL SELECT 'BOGOTÁ D.C.', 'EL CARMEN DE BOLIVAR', 'BARRANQUILLA - SINCELEJO (POBLACIONES_1)', 'DIARIA', 30, 2550, 76500
  UNION ALL SELECT 'BOGOTÁ D.C.', 'EL CARMEN DE VIBORAL', 'MEDELLIN - RIONEGRO', 'DIARIA', 30, 1350, 40500
  UNION ALL SELECT 'BOGOTÁ D.C.', 'EL CERRITO', 'CALI - PALMIRA-1', 'DIARIA', 30, 1650, 49500
  UNION ALL SELECT 'BOGOTÁ D.C.', 'EL COCUY', 'BOGOTA - NORTE DE BOYACA', 'MARTES DESDE BOGOTA', 30, 1700, 51000
  UNION ALL SELECT 'BOGOTÁ D.C.', 'EL COLEGIO', 'BOGOTA - ESPINAL - LA MESA', 'MARTES, JUEVES Y SABADO', 30, 2550, 76500
  UNION ALL SELECT 'BOGOTÁ D.C.', 'EL COPEY', 'BARRANQUILLA - POBLACIONES VALLEDUPAR', 'DIARIA', 30, 2250, 67500
  UNION ALL SELECT 'BOGOTÁ D.C.', 'EL DONCELLO', 'BOGOTA - FLORENCIA - SAN VICENTE DEL CAGUAN', 'MIERCOLES - SABADO DESDE BOGOTA', 30, 2750, 82500
  UNION ALL SELECT 'BOGOTÁ D.C.', 'EL ENCANO', 'PASTO - RUTA PUTUMAYO', 'LUNES DESDE PASTO', 30, 3450, 103500
  UNION ALL SELECT 'BOGOTÁ D.C.', 'EL ESPINO', 'BOGOTA - NORTE DE BOYACA', 'MARTES DESDE BOGOTA', 30, 1700, 51000
  UNION ALL SELECT 'BOGOTÁ D.C.', 'EL MOLINO', 'BARRANQUILLA - POBLACIONES MAICAO', 'LUNES Y JUEVES DESDE BARRANQUILLA', 30, 2700, 81000
  UNION ALL SELECT 'BOGOTÁ D.C.', 'EL PASO', 'BUCARAMANGA - POBLACIONES VALLEDUPAR', 'DIARIA', 30, 2700, 81000
  UNION ALL SELECT 'BOGOTÁ D.C.', 'EL PAUJIL', 'BOGOTA - FLORENCIA - SAN VICENTE DEL CAGUAN', 'MIERCOLES - SABADO DESDE BOGOTA', 30, 2750, 82500
  UNION ALL SELECT 'BOGOTÁ D.C.', 'EL PEDREGAL', 'PASTO - RUTA SUR POBLACIONES IPIALES', 'JUEVES DESDE PASTO', 30, 3600, 105000
  UNION ALL SELECT 'BOGOTÁ D.C.', 'EL PEÑOL', 'PASTO - RUTA ORIENTE SANDONA', 'MARTES DESDE PASTO', 30, 3450, 103500
  UNION ALL SELECT 'BOGOTÁ D.C.', 'EL PIÑAL', 'BARRANQUILLA - SINCELEJO (POBLACIONES_1)', 'DIARIA', 30, 3150, 94500
  UNION ALL SELECT 'BOGOTÁ D.C.', 'EL PLACER', 'CALI - PALMIRA-1', 'DIARIA', 30, 2200, 66000
  UNION ALL SELECT 'BOGOTÁ D.C.', 'EL PLAYON', 'BUCARAMANGA - OCAÑA', 'DIARIA', 30, 1800, 54000
  UNION ALL SELECT 'BOGOTÁ D.C.', 'EL POBLADO', 'MEDELLIN AREA METROPOLITANA', 'DIARIA', 30, 1150, 34500
  UNION ALL SELECT 'BOGOTÁ D.C.', 'EL RETEN', 'BARRANQUILLA - POBLACIONES VALLEDUPAR', 'DIARIA', 30, 2650, 79500
  UNION ALL SELECT 'BOGOTÁ D.C.', 'EL ROSAL', 'SABANA FACA', 'DIARIA', 30, 800, 24000
  UNION ALL SELECT 'BOGOTÁ D.C.', 'EL SANTUARIO', 'MEDELLIN - RIONEGRO', 'DIARIA', 30, 1450, 43500
  UNION ALL SELECT 'BOGOTÁ D.C.', 'EL TAMBO', 'PASTO - RUTA ORIENTE SANDONA', 'MARTES DESDE PASTO', 30, 3450, 103500
  UNION ALL SELECT 'BOGOTÁ D.C.', 'EL TIGRE', 'BOGOTA - PITALITO - ORITO', 'MIERCOLES - SABADO DESDE BOGOTA', 30, 2700, 81000
  UNION ALL SELECT 'BOGOTÁ D.C.', 'ENVIGADO', 'MEDELLIN AREA METROPOLITANA', 'DIARIA', 30, 1150, 34500
  UNION ALL SELECT 'BOGOTÁ D.C.', 'ESPINAL', 'BOGOTA - ESPINAL', 'DIARIA', 30, 1050, 31500
  UNION ALL SELECT 'BOGOTÁ D.C.', 'FACATATIVA', 'SABANA FACA', 'DIARIA', 30, 700, 21000
) rates
JOIN cities o ON o.name = rates.origin_name
JOIN cities d ON d.name = rates.dest_name;

-- =====================================================
-- INSERTS DE TARIFAS - PARTE 4 (F-G)
-- Ciudades que empiezan con F y G desde Bogotá
-- =====================================================

INSERT INTO shipping_rates 
(origin_city_id, destination_city_id, route, travel_frequency, min_dispatch_kg, price_per_kg, min_value, effective_date)
SELECT 
  o.id as origin_city_id,
  d.id as destination_city_id,
  rates.route,
  rates.travel_frequency,
  rates.min_dispatch_kg,
  rates.price_per_kg,
  rates.min_value,
  '2025-12-29'
FROM (
  SELECT 'BOGOTÁ D.C.' as origin_name, 'FILANDIA' as dest_name, 'BOGOTA - ARMENIA' as route, 'DIARIA' as travel_frequency, 30 as min_dispatch_kg, 1800 as price_per_kg, 54000 as min_value
  UNION ALL SELECT 'BOGOTÁ D.C.', 'FLANDES', 'BOGOTA - ESPINAL - LA MESA', 'DIARIA', 30, 1100, 33000
  UNION ALL SELECT 'BOGOTÁ D.C.', 'FLORENCIA', 'BOGOTA - FLORENCIA', 'DIARIA', 30, 1600, 48000
  UNION ALL SELECT 'BOGOTÁ D.C.', 'FLORIDA', 'CALI - PALMIRA-2', 'DIARIA', 30, 1950, 58500
  UNION ALL SELECT 'BOGOTÁ D.C.', 'FLORIDABLANCA', 'BUCARAMANGA AREA METROPOLITANA', 'DIARIA', 30, 1150, 34500
  UNION ALL SELECT 'BOGOTÁ D.C.', 'FOMEQUE', 'BOGOTA - VILLAVICENCIO', 'DIARIA', 30, 2650, 79500
  UNION ALL SELECT 'BOGOTÁ D.C.', 'FONSECA', 'BARRANQUILLA - POBLACIONES MAICAO', 'LUNES Y JUEVES DESDE BARRANQUILLA', 30, 2700, 81000
  UNION ALL SELECT 'BOGOTÁ D.C.', 'FORTUL', 'BOGOTA - ARAUCA', 'DIARIA', 30, 1700, 51000
  UNION ALL SELECT 'BOGOTÁ D.C.', 'FRESNO', 'BOGOTA - MANIZALES', 'DIARIA', 30, 1800, 54000
  UNION ALL SELECT 'BOGOTÁ D.C.', 'FUENTE DE ORO', 'BOGOTA - GRANADA', 'DIARIA', 30, 1550, 46500
  UNION ALL SELECT 'BOGOTÁ D.C.', 'FUNDACION', 'BARRANQUILLA - POBLACIONES VALLEDUPAR', 'DIARIA', 30, 2450, 73500
  UNION ALL SELECT 'BOGOTÁ D.C.', 'FUNZA', 'SABANA MOSQUERA', 'DIARIA', 30, 700, 21000
  UNION ALL SELECT 'BOGOTÁ D.C.', 'FUSAGASUGA', 'BOGOTA - ESPINAL', 'DIARIA', 30, 1050, 31500
  UNION ALL SELECT 'BOGOTÁ D.C.', 'GACHANCIPÁ', 'SABANA TOCANCIPA', 'DIARIA', 30, 800, 24000
  UNION ALL SELECT 'BOGOTÁ D.C.', 'GALAPA', 'BARRANQUILLA AREA METROPOLITANA', 'DIARIA', 30, 1900, 57000
  UNION ALL SELECT 'BOGOTÁ D.C.', 'GARAGOA', 'BOGOTA - VILLANUEVA', 'DIARIA', 30, 1400, 42000
  UNION ALL SELECT 'BOGOTÁ D.C.', 'GARZON', 'BOGOTA - PITALITO', 'DIARIA', 30, 1350, 40500
  UNION ALL SELECT 'BOGOTÁ D.C.', 'GIGANTE', 'BOGOTA - PITALITO', 'DIARIA', 30, 1400, 42000
  UNION ALL SELECT 'BOGOTÁ D.C.', 'GINEBRA', 'CALI - PALMIRA-1', 'DIARIA', 30, 1950, 58500
  UNION ALL SELECT 'BOGOTÁ D.C.', 'GIRARDOT', 'BOGOTA - ESPINAL - LA MESA', 'DIARIA', 30, 1100, 33000
  UNION ALL SELECT 'BOGOTÁ D.C.', 'GIRARDOTA', 'MEDELLIN AREA METROPOLITANA', 'DIARIA', 30, 1150, 34500
  UNION ALL SELECT 'BOGOTÁ D.C.', 'GIRON', 'BUCARAMANGA AREA METROPOLITANA', 'DIARIA', 30, 1150, 34500
  UNION ALL SELECT 'BOGOTÁ D.C.', 'GRANADA', 'BOGOTA - ESPINAL', 'DIARIA', 30, 1100, 33000
  UNION ALL SELECT 'BOGOTÁ D.C.', 'GRANADA', 'BOGOTA - GRANADA', 'DIARIA', 30, 1550, 46500
  UNION ALL SELECT 'BOGOTÁ D.C.', 'GUACAMAYAS', 'BOGOTA - NORTE DE BOYACA', 'MARTES DESDE BOGOTA', 30, 1700, 51000
  UNION ALL SELECT 'BOGOTÁ D.C.', 'GUACARI', 'CALI - PALMIRA-1', 'DIARIA', 30, 1650, 49500
  UNION ALL SELECT 'BOGOTÁ D.C.', 'GUACHACA', 'BARRANQUILLA - RIOHACHA', 'DOMINGO, MIERCOLES Y VIERNES', 30, 3050, 91500
  UNION ALL SELECT 'BOGOTÁ D.C.', 'GUACHETA', 'BOGOTA - CHIQUINQUIRA', 'LUNES, MIERCOLES Y VIERNES', 30, 2850, 85500
  UNION ALL SELECT 'BOGOTÁ D.C.', 'GUACHUCAL', 'PASTO - RUTA SUR POBLACIONES IPIALES', 'JUEVES DESDE PASTO', 30, 2950, 88500
  UNION ALL SELECT 'BOGOTÁ D.C.', 'GUADALAJARA DE BUGA', 'CALI - CARTAGO', 'DIARIA', 30, 1800, 54000
  UNION ALL SELECT 'BOGOTÁ D.C.', 'GUADALUPE', 'BOGOTA - FLORENCIA', 'DIARIA', 30, 1600, 48000
  UNION ALL SELECT 'BOGOTÁ D.C.', 'GUADUAS', 'BOGOTA - HONDA', 'DIARIA', 30, 1150, 34500
  UNION ALL SELECT 'BOGOTÁ D.C.', 'GUAITARILLA', 'PASTO - RUTA SUR POBLACIONES IPIALES', 'JUEVES DESDE PASTO', 30, 3450, 103500
  UNION ALL SELECT 'BOGOTÁ D.C.', 'GUALANDAY', 'BOGOTA - IBAGUE', 'DIARIA', 30, 1100, 33000
  UNION ALL SELECT 'BOGOTÁ D.C.', 'GUALMATAN', 'PASTO - RUTA SUR POBLACIONES IPIALES', 'JUEVES DESDE PASTO', 30, 3450, 103500
  UNION ALL SELECT 'BOGOTÁ D.C.', 'GUAMAL', 'BOGOTA - ACACIAS', 'DIARIA', 30, 1350, 40500
  UNION ALL SELECT 'BOGOTÁ D.C.', 'GUAMO', 'BOGOTA - NEIVA', 'DIARIA', 30, 1200, 36000
  UNION ALL SELECT 'BOGOTÁ D.C.', 'GUARINOCITO', 'BOGOTA - HONDA', 'DIARIA', 30, 1150, 34500
  UNION ALL SELECT 'BOGOTÁ D.C.', 'GUARNE', 'MEDELLIN - RIONEGRO', 'DIARIA', 30, 1300, 39000
  UNION ALL SELECT 'BOGOTÁ D.C.', 'GUATEQUE', 'BOGOTA - VILLANUEVA', 'DIARIA', 30, 1450, 43500
  UNION ALL SELECT 'BOGOTÁ D.C.', 'GUAYABETAL', 'BOGOTA - VILLAVICENCIO', 'DIARIA', 30, 1550, 46500
  UNION ALL SELECT 'BOGOTÁ D.C.', 'GUAYACANA', 'PASTO - RUTA PACIFICO TUMACO', 'SABADO DESDE PASTO', 30, 3600, 105000
  UNION ALL SELECT 'BOGOTÁ D.C.', 'GUEPSA', 'BOGOTA - SAN GIL', 'DIARIA', 30, 1550, 46500
  UNION ALL SELECT 'BOGOTÁ D.C.', 'GUICAN', 'BOGOTA - NORTE DE BOYACA', 'MARTES DESDE BOGOTA', 30, 1700, 51000
) rates
JOIN cities o ON o.name = rates.origin_name
JOIN cities d ON d.name = rates.dest_name;

-- =====================================================
-- INSERTS DE TARIFAS - PARTE 5 (H-I-J)
-- Ciudades que empiezan con H, I y J desde Bogotá
-- =====================================================

INSERT INTO shipping_rates 
(origin_city_id, destination_city_id, route, travel_frequency, min_dispatch_kg, price_per_kg, min_value, effective_date)
SELECT 
  o.id as origin_city_id,
  d.id as destination_city_id,
  rates.route,
  rates.travel_frequency,
  rates.min_dispatch_kg,
  rates.price_per_kg,
  rates.min_value,
  '2025-12-29'
FROM (
  SELECT 'BOGOTÁ D.C.' as origin_name, 'HATO COROZAL' as dest_name, 'BOGOTA - ARAUCA' as route, 'DIARIA' as travel_frequency, 30 as min_dispatch_kg, 1700 as price_per_kg, 51000 as min_value
  UNION ALL SELECT 'BOGOTÁ D.C.', 'HATONUEVO', 'BARRANQUILLA - POBLACIONES MAICAO', 'LUNES Y JUEVES DESDE BARRANQUILLA', 30, 2700, 81000
  UNION ALL SELECT 'BOGOTÁ D.C.', 'HOBO', 'BOGOTA - PITALITO', 'DIARIA', 30, 1400, 42000
  UNION ALL SELECT 'BOGOTÁ D.C.', 'HONDA', 'BOGOTA - HONDA', 'DIARIA', 30, 1150, 34500
  UNION ALL SELECT 'BOGOTÁ D.C.', 'IBAGUE', 'BOGOTA - IBAGUE', 'DIARIA', 30, 1050, 31500
  UNION ALL SELECT 'BOGOTÁ D.C.', 'ICONONZO', 'BOGOTA - ESPINAL', 'DIARIA', 30, 2550, 76500
  UNION ALL SELECT 'BOGOTÁ D.C.', 'ILES', 'PASTO - RUTA SUR POBLACIONES IPIALES', 'JUEVES DESDE PASTO', 30, 3450, 103500
  UNION ALL SELECT 'BOGOTÁ D.C.', 'IMUES', 'PASTO - RUTA SUR POBLACIONES IPIALES', 'JUEVES DESDE PASTO', 30, 3450, 103500
  UNION ALL SELECT 'BOGOTÁ D.C.', 'IPIALES', 'BOGOTA - PASTO', 'DIARIA', 30, 2400, 72000
  UNION ALL SELECT 'BOGOTÁ D.C.', 'ISTMINA', 'MEDELLIN - QUIBDO', 'SABADO DESDE MEDELLIN', 30, 3450, 103500
  UNION ALL SELECT 'BOGOTÁ D.C.', 'ITAGUI', 'MEDELLIN AREA METROPOLITANA', 'DIARIA', 30, 1150, 34500
  UNION ALL SELECT 'BOGOTÁ D.C.', 'JAMUNDI', 'CALI - PALMIRA-2', 'DIARIA', 30, 1300, 39000
  UNION ALL SELECT 'BOGOTÁ D.C.', 'JARDIN', 'MEDELLIN - CAUCASIA', 'DIARIA', 30, 2250, 67500
  UNION ALL SELECT 'BOGOTÁ D.C.', 'JENESANO', 'RUTA MIRAFLORES', 'MARTES DESDE BOGOTA', 30, 2250, 67500
  UNION ALL SELECT 'BOGOTÁ D.C.', 'JESUS MARIA', 'BOGOTA - SAN GIL', 'DIARIA', 30, 4200, 126000
  UNION ALL SELECT 'BOGOTÁ D.C.', 'JUNIN', 'PASTO - RUTA PACIFICO TUMACO', 'SABADO DESDE PASTO', 30, 3450, 103500
  UNION ALL SELECT 'BOGOTÁ D.C.', 'LA APARTADA Y LA FRONTERA', 'MEDELLIN - CAUCASIA', 'DIARIA', 30, 2750, 82500
  UNION ALL SELECT 'BOGOTÁ D.C.', 'LA CALERA', 'SABANA TOCANCIPA', 'MIERCOLES DESDE BOGOTA', 30, 1100, 33000
  UNION ALL SELECT 'BOGOTÁ D.C.', 'LA CAPILLA - TUTAZA', 'BOGOTA - NORTE DE BOYACA', 'MARTES DESDE BOGOTA', 30, 1550, 46500
  UNION ALL SELECT 'BOGOTÁ D.C.', 'LA CAPILLA', 'BOGOTA - VILLANUEVA', 'DIARIA', 30, 2150, 64500
  UNION ALL SELECT 'BOGOTÁ D.C.', 'LA CEJA', 'MEDELLIN - RIONEGRO', 'DIARIA', 30, 1300, 39000
  UNION ALL SELECT 'BOGOTÁ D.C.', 'LA CHAPARRERIA', 'BOGOTA - TRINIDAD', 'DIARIA', 30, 1650, 49500
  UNION ALL SELECT 'BOGOTÁ D.C.', 'LA CRUZ', 'PASTO - RUTA NORTE LA UNION', 'MIERCOLES DESDE PASTO', 30, 3450, 103500
  UNION ALL SELECT 'BOGOTÁ D.C.', 'LA DORADA', 'BOGOTA - PUERTO BERRIO', 'DIARIA', 30, 1400, 42000
  UNION ALL SELECT 'BOGOTÁ D.C.', 'LA DORADA', 'BOGOTA - PITALITO - ORITO', 'MIERCOLES - SABADO DESDE BOGOTA', 30, 2700, 81000
  UNION ALL SELECT 'BOGOTÁ D.C.', 'LA ESMERALDA', 'BOGOTA - ARAUCA', 'DIARIA', 30, 1700, 51000
  UNION ALL SELECT 'BOGOTÁ D.C.', 'LA ESPERANZA', 'BUCARAMANGA - OCAÑA', 'DIARIA', 30, 2300, 69000
  UNION ALL SELECT 'BOGOTÁ D.C.', 'LA ESTRELLA', 'MEDELLIN AREA METROPOLITANA', 'DIARIA', 30, 1150, 34500
  UNION ALL SELECT 'BOGOTÁ D.C.', 'LA FLORESTA', 'BUCARAMANGA - POBLACIONES VALLEDUPAR', 'DIARIA', 30, 2400, 72000
  UNION ALL SELECT 'BOGOTÁ D.C.', 'LA FLORIDA', 'PASTO - RUTA ORIENTE SANDONA', 'MARTES DESDE PASTO', 30, 3450, 103500
  UNION ALL SELECT 'BOGOTÁ D.C.', 'LA GLORIA', 'BUCARAMANGA - POBLACIONES VALLEDUPAR', 'DIARIA', 30, 2400, 72000
  UNION ALL SELECT 'BOGOTÁ D.C.', 'LA HORMIGA', 'BOGOTA - PITALITO - ORITO', 'MIERCOLES - SABADO DESDE BOGOTA', 30, 2700, 81000
  UNION ALL SELECT 'BOGOTÁ D.C.', 'LA JAGUA DE IBIRICO', 'BARRANQUILLA - POBLACIONES MAICAO', 'LUNES Y JUEVES DESDE BARRANQUILLA', 30, 2650, 79500
  UNION ALL SELECT 'BOGOTÁ D.C.', 'LA JAGUA DEL PILAR', 'BARRANQUILLA - POBLACIONES MAICAO', 'LUNES Y JUEVES DESDE BARRANQUILLA', 30, 2700, 81000
  UNION ALL SELECT 'BOGOTÁ D.C.', 'LA MATA', 'BUCARAMANGA - POBLACIONES VALLEDUPAR', 'DIARIA', 30, 2400, 72000
  UNION ALL SELECT 'BOGOTÁ D.C.', 'LA MESA', 'BOGOTA - ESPINAL - LA MESA', 'DIARIA', 30, 1100, 33000
  UNION ALL SELECT 'BOGOTÁ D.C.', 'LA MONTAÑITA', 'BOGOTA - FLORENCIA - SAN VICENTE DEL CAGUAN', 'MIERCOLES - SABADO DESDE BOGOTA', 30, 2750, 82500
  UNION ALL SELECT 'BOGOTÁ D.C.', 'LA PAILA', 'CALI - CARTAGO', 'DIARIA', 30, 2200, 66000
  UNION ALL SELECT 'BOGOTÁ D.C.', 'LA PAZ', 'BARRANQUILLA - POBLACIONES VALLEDUPAR', 'DIARIA', 30, 2650, 79500
  UNION ALL SELECT 'BOGOTÁ D.C.', 'LA PLATA', 'BOGOTA - PITALITO', 'DIARIA', 30, 2400, 72000
  UNION ALL SELECT 'BOGOTÁ D.C.', 'LA TEBAIDA', 'BOGOTA - ARMENIA', 'DIARIA', 30, 1350, 40500
  UNION ALL SELECT 'BOGOTÁ D.C.', 'LA UNION', 'PASTO - RUTA NORTE LA UNION', 'MIERCOLES DESDE PASTO', 30, 2950, 88500
  UNION ALL SELECT 'BOGOTÁ D.C.', 'LA UNION', 'CALI - CARTAGO', 'DIARIA', 30, 2200, 66000
  UNION ALL SELECT 'BOGOTÁ D.C.', 'LA UVITA', 'BOGOTA - NORTE DE BOYACA', 'MARTES DESDE BOGOTA', 30, 1550, 46500
  UNION ALL SELECT 'BOGOTÁ D.C.', 'LA VEGA', 'BOGOTA - HONDA', 'LUNES, MIERCOLES Y VIERNES', 30, 1150, 34500
  UNION ALL SELECT 'BOGOTÁ D.C.', 'LA VICTORIA', 'CALI - CARTAGO', 'DIARIA', 30, 2200, 66000
  UNION ALL SELECT 'BOGOTÁ D.C.', 'LA VIRGINIA', 'BOGOTA - PEREIRA', 'DIARIA', 30, 1450, 43500
  UNION ALL SELECT 'BOGOTÁ D.C.', 'LANDAZURI', 'BOGOTA - POBLACIONES BARRANCABERMEJA', 'DIARIA', 30, 2750, 82500
  UNION ALL SELECT 'BOGOTÁ D.C.', 'LAS EUROPAS', 'BARRANQUILLA - CARTAGENA- VIA AL MAR', 'LUNES Y JUEVES DESDE BARRANQUILLA', 30, 2150, 64500
  UNION ALL SELECT 'BOGOTÁ D.C.', 'LEBRIJA', 'BUCARAMANGA - BARRANCABERMEJA', 'DIARIA', 30, 1250, 37500
  UNION ALL SELECT 'BOGOTÁ D.C.', 'LENGUAZAQUE', 'BOGOTA - CHIQUINQUIRA', 'LUNES, MIERCOLES Y VIERNES', 30, 2850, 85500
  UNION ALL SELECT 'BOGOTÁ D.C.', 'LERIDA', 'BOGOTA - HONDA', 'MARTES, JUEVES Y SABADO', 30, 1950, 58500
  UNION ALL SELECT 'BOGOTÁ D.C.', 'LIBANO', 'BOGOTA - HONDA', 'LUNES Y JUEVES', 30, 2250, 67500
  UNION ALL SELECT 'BOGOTÁ D.C.', 'LIMONCITOS', 'BOGOTA - VILLAVICENCIO', 'DIARIA', 30, 1550, 46500
  UNION ALL SELECT 'BOGOTÁ D.C.', 'LINARES', 'PASTO - RUTA ORIENTE SANDONA', 'MARTES DESDE PASTO', 30, 3450, 103500
  UNION ALL SELECT 'BOGOTÁ D.C.', 'LLORENTE', 'PASTO - RUTA PACIFICO TUMACO', 'SABADO DESDE PASTO', 30, 3450, 103500
) rates
JOIN cities o ON o.name = rates.origin_name
JOIN cities d ON d.name = rates.dest_name;

-- =====================================================
-- INSERTS DE TARIFAS - PARTE 6 (M)
-- Ciudades que empiezan con M desde Bogotá
-- =====================================================

INSERT INTO shipping_rates 
(origin_city_id, destination_city_id, route, travel_frequency, min_dispatch_kg, price_per_kg, min_value, effective_date)
SELECT 
  o.id as origin_city_id,
  d.id as destination_city_id,
  rates.route,
  rates.travel_frequency,
  rates.min_dispatch_kg,
  rates.price_per_kg,
  rates.min_value,
  '2025-12-29'
FROM (
  SELECT 'BOGOTÁ D.C.' as origin_name, 'LOBO GUERRERO' as dest_name, 'CALI - BUENAVENTURA' as route, 'DIARIA' as travel_frequency, 30 as min_dispatch_kg, 2400 as price_per_kg, 72000 as min_value
  UNION ALL SELECT 'BOGOTÁ D.C.', 'LOMA DE ARENA', 'BARRANQUILLA - CARTAGENA- VIA AL MAR', 'LUNES Y JUEVES DESDE BARRANQUILLA', 30, 2150, 64500
  UNION ALL SELECT 'BOGOTÁ D.C.', 'LORICA', 'BARRANQUILLA POBLACIONES MONTERIA 1', 'DOMINGO, MIERCOLES Y VIERNES', 30, 2550, 76500
  UNION ALL SELECT 'BOGOTÁ D.C.', 'LOS PALMITOS', 'BARRANQUILLA - SINCELEJO (POBLACIONES_1)', 'DIARIA', 30, 2900, 87000
  UNION ALL SELECT 'BOGOTÁ D.C.', 'LURUACO', 'BARRANQUILLA - CARTAGENA- VIA LA CORDIALIDAD', 'LUNES Y JUEVES DESDE BARRANQUILLA', 30, 2350, 70500
  UNION ALL SELECT 'BOGOTÁ D.C.', 'MACANAL', 'BOGOTA - VILLANUEVA', 'DIARIA', 30, 1900, 57000
  UNION ALL SELECT 'BOGOTÁ D.C.', 'MACEO', 'BOGOTA - PUERTO BERRIO', 'DIARIA', 30, 2300, 69000
  UNION ALL SELECT 'BOGOTÁ D.C.', 'MACHETA', 'BOGOTA - VILLANUEVA', 'DIARIA', 30, 1550, 46500
  UNION ALL SELECT 'BOGOTÁ D.C.', 'MADRID', 'SABANA MOSQUERA', 'DIARIA', 30, 700, 21000
  UNION ALL SELECT 'BOGOTÁ D.C.', 'MAGANGUE', 'BARRANQUILLA - SINCELEJO (POBLACIONES_1)', 'DIARIA', 30, 2650, 79500
  UNION ALL SELECT 'BOGOTÁ D.C.', 'MAICAO', 'BARRANQUILLA - POBLACIONES MAICAO', 'LUNES Y JUEVES DESDE BARRANQUILLA', 30, 2700, 81000
  UNION ALL SELECT 'BOGOTÁ D.C.', 'MALAGA', 'BOGOTA - CUCUTA', 'DIARIA', 30, 1550, 46500
  UNION ALL SELECT 'BOGOTÁ D.C.', 'MALAMBO', 'BARRANQUILLA AREA METROPOLITANA', 'DIARIA', 30, 1600, 48000
  UNION ALL SELECT 'BOGOTÁ D.C.', 'MALLAMA', 'PASTO - RUTA PACIFICO TUMACO', 'SABADO DESDE PASTO', 30, 3450, 103500
  UNION ALL SELECT 'BOGOTÁ D.C.', 'MANI', 'BOGOTA - TAURAMENA', 'DIARIA', 30, 1900, 57000
  UNION ALL SELECT 'BOGOTÁ D.C.', 'MANIZALES', 'BOGOTA - MANIZALES', 'DIARIA', 30, 1150, 34500
  UNION ALL SELECT 'BOGOTÁ D.C.', 'MANZANILLO DEL MAR', 'BARRANQUILLA - CARTAGENA- VIA AL MAR', 'LUNES Y JUEVES DESDE BARRANQUILLA', 30, 2150, 64500
  UNION ALL SELECT 'BOGOTÁ D.C.', 'MARIA LA BAJA', 'BARRANQUILLA POBLACIONES MONTERIA 1', 'DOMINGO, MIERCOLES Y VIERNES', 30, 2650, 79500
  UNION ALL SELECT 'BOGOTÁ D.C.', 'MARIANGOLA', 'BARRANQUILLA - POBLACIONES VALLEDUPAR', 'DIARIA', 30, 2650, 79500
  UNION ALL SELECT 'BOGOTÁ D.C.', 'MARINILLA', 'MEDELLIN - RIONEGRO', 'DIARIA', 30, 1300, 39000
  UNION ALL SELECT 'BOGOTÁ D.C.', 'MARIQUITA', 'BOGOTA - HONDA', 'DIARIA', 30, 1150, 34500
  UNION ALL SELECT 'BOGOTÁ D.C.', 'MAYA', 'BOGOTA - VILLANUEVA', 'DIARIA', 30, 1700, 51000
  UNION ALL SELECT 'BOGOTÁ D.C.', 'MEDELLIN', 'MEDELLIN AREA METROPOLITANA', 'DIARIA', 30, 1150, 34500
  UNION ALL SELECT 'BOGOTÁ D.C.', 'MEDINA', 'BOGOTA - VILLANUEVA', 'DIARIA', 30, 2600, 78000
  UNION ALL SELECT 'BOGOTÁ D.C.', 'MELGAR', 'BOGOTA - ESPINAL', 'DIARIA', 30, 1100, 33000
  UNION ALL SELECT 'BOGOTÁ D.C.', 'MINGUEO', 'BARRANQUILLA - RIOHACHA', 'DOMINGO, MIERCOLES Y VIERNES', 30, 3000, 90000
  UNION ALL SELECT 'BOGOTÁ D.C.', 'MIRAFLORES', 'RUTA MIRAFLORES', 'MARTES DESDE BOGOTA', 30, 2650, 79500
  UNION ALL SELECT 'BOGOTÁ D.C.', 'MOCOA', 'BOGOTA - PITALITO - ORITO', 'MIERCOLES - SABADO DESDE BOGOTA', 30, 2700, 81000
  UNION ALL SELECT 'BOGOTÁ D.C.', 'MOLINERO', 'BARRANQUILLA - CARTAGENA- VIA LA CORDIALIDAD', 'LUNES Y JUEVES DESDE BARRANQUILLA', 30, 2450, 73500
  UNION ALL SELECT 'BOGOTÁ D.C.', 'MONDOMO', 'CALI - POPAYAN', 'DIARIA', 30, 2400, 72000
  UNION ALL SELECT 'BOGOTÁ D.C.', 'MONIQUIRA', 'BOGOTA - SAN GIL', 'DIARIA', 30, 1250, 37500
  UNION ALL SELECT 'BOGOTÁ D.C.', 'MONTELIBANO', 'MEDELLIN - CAUCASIA', 'DIARIA', 30, 2900, 87000
  UNION ALL SELECT 'BOGOTÁ D.C.', 'MONTENEGRO', 'BOGOTA - ARMENIA', 'DIARIA', 30, 1350, 40500
  UNION ALL SELECT 'BOGOTÁ D.C.', 'MONTERIA', 'MEDELLIN - MONTERIA', 'DIARIA', 30, 2100, 63000
  UNION ALL SELECT 'BOGOTÁ D.C.', 'MONTERREY', 'BOGOTA - TAURAMENA', 'DIARIA', 30, 1400, 42000
  UNION ALL SELECT 'BOGOTÁ D.C.', 'MOSQUERA', 'SABANA MOSQUERA', 'DIARIA', 30, 700, 21000
  UNION ALL SELECT 'BOGOTÁ D.C.', 'MUTATA', 'MEDELLIN - APARTADO', 'MIERCOLES - SABADO DESDE MEDELLIN', 30, 2650, 79500
) rates
JOIN cities o ON o.name = rates.origin_name
JOIN cities d ON d.name = rates.dest_name;

-- =====================================================
-- INSERTS DE TARIFAS - PARTE 7 (N-O-P)
-- Ciudades que empiezan con N, O y P desde Bogotá
-- =====================================================

INSERT INTO shipping_rates 
(origin_city_id, destination_city_id, route, travel_frequency, min_dispatch_kg, price_per_kg, min_value, effective_date)
SELECT 
  o.id as origin_city_id,
  d.id as destination_city_id,
  rates.route,
  rates.travel_frequency,
  rates.min_dispatch_kg,
  rates.price_per_kg,
  rates.min_value,
  '2025-12-29'
FROM (
  SELECT 'BOGOTÁ D.C.' as origin_name, 'NARIÑO' as dest_name, 'PASTO - RUTA ORIENTE SANDONA' as route, 'MARTES DESDE PASTO' as travel_frequency, 30 as min_dispatch_kg, 3450 as price_per_kg, 103500 as min_value
  UNION ALL SELECT 'BOGOTÁ D.C.', 'NATAGAIMA', 'BOGOTA - NEIVA', 'DIARIA', 30, 1200, 36000
  UNION ALL SELECT 'BOGOTÁ D.C.', 'NEIVA', 'BOGOTA - NEIVA', 'DIARIA', 30, 1200, 36000
  UNION ALL SELECT 'BOGOTÁ D.C.', 'NEMOCON', 'SABANA ZIPAQUIRA', 'DIARIA', 30, 1050, 31500
  UNION ALL SELECT 'BOGOTÁ D.C.', 'NEUSA', 'BOGOTA - CHIQUINQUIRA', 'DIARIA', 30, 1000, 30000
  UNION ALL SELECT 'BOGOTÁ D.C.', 'NOBSA', 'BOGOTA - SOGAMOSO', 'DIARIA', 30, 1000, 30000
  UNION ALL SELECT 'BOGOTÁ D.C.', 'NUEVO CARANAL', 'BOGOTA - ARAUCA', 'DIARIA', 30, 2100, 63000
  UNION ALL SELECT 'BOGOTÁ D.C.', 'NUEVO COLON', 'RUTA MIRAFLORES', 'MARTES DESDE BOGOTA', 30, 1950, 58500
  UNION ALL SELECT 'BOGOTÁ D.C.', 'OBANDO', 'CALI - CARTAGO', 'DIARIA', 30, 2200, 66000
  UNION ALL SELECT 'BOGOTÁ D.C.', 'OCAÑA', 'BUCARAMANGA - OCAÑA', 'DIARIA', 30, 2300, 69000
  UNION ALL SELECT 'BOGOTÁ D.C.', 'OIBA', 'BOGOTA - SAN GIL', 'DIARIA', 30, 1250, 37500
  UNION ALL SELECT 'BOGOTÁ D.C.', 'ORITO', 'BOGOTA - PITALITO - ORITO', 'MIERCOLES - SABADO DESDE BOGOTA', 30, 2700, 81000
  UNION ALL SELECT 'BOGOTÁ D.C.', 'OVEJAS', 'BARRANQUILLA - SINCELEJO (POBLACIONES_1)', 'DIARIA', 30, 2600, 78000
  UNION ALL SELECT 'BOGOTÁ D.C.', 'PAEZ', 'RUTA MIRAFLORES', 'MARTES DESDE BOGOTA', 30, 2900, 87000
  UNION ALL SELECT 'BOGOTÁ D.C.', 'PAICOL', 'BOGOTA - PITALITO', 'DIARIA', 30, 2400, 72000
  UNION ALL SELECT 'BOGOTÁ D.C.', 'PAILITAS', 'BUCARAMANGA - POBLACIONES VALLEDUPAR', 'DIARIA', 30, 2650, 79500
  UNION ALL SELECT 'BOGOTÁ D.C.', 'PAIPA', 'BOGOTA - DUITAMA', 'DIARIA', 30, 950, 28500
  UNION ALL SELECT 'BOGOTÁ D.C.', 'PAJARITO', 'BOGOTA - TAURAMENA', 'DIARIA', 30, 1400, 42000
  UNION ALL SELECT 'BOGOTÁ D.C.', 'PALMIRA', 'CALI - PALMIRA-1', 'DIARIA', 30, 1150, 34500
  UNION ALL SELECT 'BOGOTÁ D.C.', 'PALOMINO', 'BARRANQUILLA - RIOHACHA', 'DOMINGO, MIERCOLES Y VIERNES', 30, 3050, 91500
  UNION ALL SELECT 'BOGOTÁ D.C.', 'PAMPLONA', 'BOGOTA - CUCUTA', 'DIARIA', 30, 2200, 66000
  UNION ALL SELECT 'BOGOTÁ D.C.', 'PANAMA DE ARAUCA', 'BOGOTA - ARAUCA', 'DIARIA', 30, 1700, 51000
  UNION ALL SELECT 'BOGOTÁ D.C.', 'PANDI', 'BOGOTA - ESPINAL', 'DIARIA', 30, 2550, 76500
  UNION ALL SELECT 'BOGOTÁ D.C.', 'PANQUEBA', 'BOGOTA - NORTE DE BOYACA', 'MARTES DESDE BOGOTA', 30, 1700, 51000
  UNION ALL SELECT 'BOGOTÁ D.C.', 'PARATEBUENO', 'BOGOTA - VILLANUEVA', 'DIARIA', 30, 1350, 40500
  UNION ALL SELECT 'BOGOTÁ D.C.', 'PASCA', 'BOGOTA - ESPINAL', 'DIARIA', 30, 2550, 76500
  UNION ALL SELECT 'BOGOTÁ D.C.', 'PASTO', 'BOGOTA - PASTO', 'DIARIA', 30, 2250, 67500
  UNION ALL SELECT 'BOGOTÁ D.C.', 'PATIA', 'BOGOTA - PASTO', 'DIARIA', 30, 2700, 81000
  UNION ALL SELECT 'BOGOTÁ D.C.', 'PAZ DE ARIPORO', 'BOGOTA - TRINIDAD', 'DIARIA', 30, 1650, 49500
  UNION ALL SELECT 'BOGOTÁ D.C.', 'PELAYA', 'BUCARAMANGA - POBLACIONES VALLEDUPAR', 'DIARIA', 30, 2700, 81000
  UNION ALL SELECT 'BOGOTÁ D.C.', 'PEREIRA', 'BOGOTA - PEREIRA', 'DIARIA', 30, 1150, 34500
  UNION ALL SELECT 'BOGOTÁ D.C.', 'PESCADERO', 'BUCARAMANGA - SAN GIL (POBLACIONES)', 'DIARIA', 30, 1500, 45000
  UNION ALL SELECT 'BOGOTÁ D.C.', 'PIEDECUESTA', 'BUCARAMANGA AREA METROPOLITANA', 'DIARIA', 30, 1150, 34500
  UNION ALL SELECT 'BOGOTÁ D.C.', 'PIENDAMO', 'CALI - POPAYAN', 'DIARIA', 30, 2400, 72000
  UNION ALL SELECT 'BOGOTÁ D.C.', 'PITAL', 'BOGOTA - PITALITO', 'DIARIA', 30, 2750, 82500
  UNION ALL SELECT 'BOGOTÁ D.C.', 'PITALITO', 'BOGOTA - PITALITO', 'DIARIA', 30, 1600, 48000
  UNION ALL SELECT 'BOGOTÁ D.C.', 'PLANETA RICA', 'MEDELLIN - MONTERIA', 'DIARIA', 30, 2550, 76500
  UNION ALL SELECT 'BOGOTÁ D.C.', 'PONEDERA', 'BARRANQUILLA - SINCELEJO (POBLACIONES_1)', 'DIARIA', 30, 2150, 64500
  UNION ALL SELECT 'BOGOTÁ D.C.', 'POPAYAN', 'CALI - POPAYAN', 'DIARIA', 30, 1650, 49500
  UNION ALL SELECT 'BOGOTÁ D.C.', 'PORE', 'BOGOTA - TRINIDAD', 'DIARIA', 30, 1650, 49500
  UNION ALL SELECT 'BOGOTÁ D.C.', 'POTOSI', 'PASTO - RUTA SUR POBLACIONES IPIALES', 'JUEVES DESDE PASTO', 30, 3450, 103500
  UNION ALL SELECT 'BOGOTÁ D.C.', 'PRADERA', 'CALI - PALMIRA-2', 'DIARIA', 30, 1950, 58500
  UNION ALL SELECT 'BOGOTÁ D.C.', 'PRADO', 'BOGOTA - NEIVA', 'DIARIA', 30, 2250, 67500
  UNION ALL SELECT 'BOGOTÁ D.C.', 'PUEBLO NUEVO', 'BOGOTA - ARAUCA', 'DIARIA', 30, 1700, 51000
  UNION ALL SELECT 'BOGOTÁ D.C.', 'PUEBLO NUEVO', 'MEDELLIN - MONTERIA', 'DIARIA', 30, 2550, 76500
  UNION ALL SELECT 'BOGOTÁ D.C.', 'PUENTE NACIONAL', 'BOGOTA - SAN GIL', 'DIARIA', 30, 1250, 37500
  UNION ALL SELECT 'BOGOTÁ D.C.', 'PUERRES', 'PASTO - RUTA SUR POBLACIONES IPIALES', 'JUEVES DESDE PASTO', 30, 3450, 103500
  UNION ALL SELECT 'BOGOTÁ D.C.', 'PUERTO ARAUJO', 'BOGOTA - BARRANCABERMEJA', 'DIARIA', 30, 2550, 76500
  UNION ALL SELECT 'BOGOTÁ D.C.', 'PUERTO ASIS', 'BOGOTA - PITALITO - ORITO', 'MIERCOLES - SABADO DESDE BOGOTA', 30, 2700, 81000
  UNION ALL SELECT 'BOGOTÁ D.C.', 'PUERTO BERRIO', 'BOGOTA - PUERTO BERRIO', 'DIARIA', 30, 1800, 54000
  UNION ALL SELECT 'BOGOTÁ D.C.', 'PUERTO BOYACA', 'BOGOTA - PUERTO BERRIO', 'DIARIA', 30, 1650, 49500
  UNION ALL SELECT 'BOGOTÁ D.C.', 'PUERTO CAICEDO', 'BOGOTA - PITALITO - ORITO', 'MIERCOLES - SABADO DESDE BOGOTA', 30, 2700, 81000
  UNION ALL SELECT 'BOGOTÁ D.C.', 'PUERTO COLOMBIA', 'BARRANQUILLA AREA METROPOLITANA', 'DIARIA', 30, 1900, 57000
  UNION ALL SELECT 'BOGOTÁ D.C.', 'PUERTO CONCORDIA', 'BOGOTA - GRANADA - SAN JOSE DEL GUAVIARE', 'MIERCOLES - SABADO DESDE BOGOTA', 30, 2450, 73500
  UNION ALL SELECT 'BOGOTÁ D.C.', 'PUERTO GAITAN', 'BOGOTA - PUERTO GAITAN', 'DIARIA', 30, 2100, 63000
  UNION ALL SELECT 'BOGOTÁ D.C.', 'PUERTO LIBERTADOR', 'MEDELLIN - CAUCASIA', 'DIARIA', 30, 3300, 99000
  UNION ALL SELECT 'BOGOTÁ D.C.', 'PUERTO LLERAS', 'BOGOTA - GRANADA - SAN JOSE DEL GUAVIARE', 'MIERCOLES - SABADO DESDE BOGOTA', 30, 2450, 73500
  UNION ALL SELECT 'BOGOTÁ D.C.', 'PUERTO LOPEZ', 'BOGOTA - PUERTO GAITAN', 'DIARIA', 30, 1500, 45000
  UNION ALL SELECT 'BOGOTÁ D.C.', 'PUERTO NARIÑO', 'BOGOTA - ARAUCA', 'DIARIA', 30, 1700, 51000
  UNION ALL SELECT 'BOGOTÁ D.C.', 'PUERTO PARRA', 'BOGOTA - BARRANCABERMEJA', 'DIARIA', 30, 2550, 76500
  UNION ALL SELECT 'BOGOTÁ D.C.', 'PUERTO RICO', 'BOGOTA - FLORENCIA - SAN VICENTE DEL CAGUAN', 'MIERCOLES - SABADO DESDE BOGOTA', 30, 2750, 82500
  UNION ALL SELECT 'BOGOTÁ D.C.', 'PUERTO RICO', 'BOGOTA - GRANADA - SAN JOSE DEL GUAVIARE', 'MIERCOLES - SABADO DESDE BOGOTA', 30, 2450, 73500
  UNION ALL SELECT 'BOGOTÁ D.C.', 'PUERTO SALGAR', 'BOGOTA - PUERTO BERRIO', 'DIARIA', 30, 1400, 42000
  UNION ALL SELECT 'BOGOTÁ D.C.', 'PUERTO SERVIEZ', 'BOGOTA - PUERTO BERRIO', 'DIARIA', 30, 1800, 54000
  UNION ALL SELECT 'BOGOTÁ D.C.', 'PUERTO TEJADA', 'CALI - PALMIRA-2', 'DIARIA', 30, 1600, 48000
  UNION ALL SELECT 'BOGOTÁ D.C.', 'PUERTO TRIUNFO', 'BOGOTA - PUERTO BERRIO', 'DIARIA', 30, 1800, 54000
  UNION ALL SELECT 'BOGOTÁ D.C.', 'PUERTO UMBRIA', 'PASTO - RUTA PUTUMAYO', 'LUNES DESDE PASTO', 30, 3600, 105000
  UNION ALL SELECT 'BOGOTÁ D.C.', 'PUERTO VALDIVIA', 'MEDELLIN - CAUCASIA', 'DIARIA', 30, 2250, 67500
  UNION ALL SELECT 'BOGOTÁ D.C.', 'PUERTO WILCHES', 'BUCARAMANGA - BARRANCABERMEJA', 'DIARIA', 30, 2750, 82500
  UNION ALL SELECT 'BOGOTÁ D.C.', 'PUPIALES', 'PASTO - RUTA SUR POBLACIONES IPIALES', 'JUEVES DESDE PASTO', 30, 2950, 88500
  UNION ALL SELECT 'BOGOTÁ D.C.', 'PURIFICACION', 'BOGOTA - NEIVA', 'DIARIA', 30, 2250, 67500
) rates
JOIN cities o ON o.name = rates.origin_name
JOIN cities d ON d.name = rates.dest_name;

-- =====================================================
-- INSERTS DE TARIFAS - PARTE 8 (Q-R)
-- Ciudades que empiezan con Q y R desde Bogotá
-- =====================================================

INSERT INTO shipping_rates 
(origin_city_id, destination_city_id, route, travel_frequency, min_dispatch_kg, price_per_kg, min_value, effective_date)
SELECT 
  o.id as origin_city_id,
  d.id as destination_city_id,
  rates.route,
  rates.travel_frequency,
  rates.min_dispatch_kg,
  rates.price_per_kg,
  rates.min_value,
  '2025-12-29'
FROM (
  SELECT 'BOGOTÁ D.C.' as origin_name, 'QUETAME' as dest_name, 'BOGOTA - VILLAVICENCIO' as route, 'DIARIA' as travel_frequency, 30 as min_dispatch_kg, 1550 as price_per_kg, 46500 as min_value
  UNION ALL SELECT 'BOGOTÁ D.C.', 'QUIBDO', 'MEDELLIN - QUIBDO', 'SABADO DESDE MEDELLIN', 30, 3150, 94500
  UNION ALL SELECT 'BOGOTÁ D.C.', 'QUIMBAYA', 'BOGOTA - ARMENIA', 'DIARIA', 30, 1500, 45000
  UNION ALL SELECT 'BOGOTÁ D.C.', 'RAMIRIQUI', 'RUTA MIRAFLORES', 'MARTES DESDE BOGOTA', 30, 1900, 57000
  UNION ALL SELECT 'BOGOTÁ D.C.', 'RAQUIRA', 'BOGOTA - TUNJA (POBLACIONES)', 'DIARIA', 30, 1200, 36000
  UNION ALL SELECT 'BOGOTÁ D.C.', 'REMEDIOS', 'MEDELLIN - ZARAGOZA', 'LUNES DESDE MEDELLIN', 30, 3450, 103500
  UNION ALL SELECT 'BOGOTÁ D.C.', 'RESTREPO', 'BOGOTA - VILLANUEVA', 'DIARIA', 30, 1150, 34500
  UNION ALL SELECT 'BOGOTÁ D.C.', 'RESTREPO', 'CALI - BUENAVENTURA', 'DIARIA', 30, 2400, 72000
  UNION ALL SELECT 'BOGOTÁ D.C.', 'RETIRO', 'MEDELLIN - RIONEGRO', 'DIARIA', 30, 1450, 43500
  UNION ALL SELECT 'BOGOTÁ D.C.', 'RICAURTE', 'BOGOTA - ESPINAL - LA MESA', 'DIARIA', 30, 1100, 33000
  UNION ALL SELECT 'BOGOTÁ D.C.', 'RICAURTE', 'PASTO - RUTA PACIFICO TUMACO', 'SABADO DESDE PASTO', 30, 3450, 103500
  UNION ALL SELECT 'BOGOTÁ D.C.', 'RIOHACHA', 'BARRANQUILLA - RIOHACHA', 'DOMINGO, MIERCOLES Y VIERNES', 30, 2700, 81000
  UNION ALL SELECT 'BOGOTÁ D.C.', 'RIONEGRO', 'MEDELLIN - RIONEGRO', 'DIARIA', 30, 1300, 39000
  UNION ALL SELECT 'BOGOTÁ D.C.', 'RIONEGRO', 'BUCARAMANGA - OCAÑA', 'DIARIA', 30, 2000, 60000
  UNION ALL SELECT 'BOGOTÁ D.C.', 'RIVERA', 'BOGOTA - PITALITO', 'DIARIA', 30, 1600, 48000
  UNION ALL SELECT 'BOGOTÁ D.C.', 'ROLDANILLO', 'CALI - CARTAGO', 'DIARIA', 30, 2200, 66000
  UNION ALL SELECT 'BOGOTÁ D.C.', 'ROSA FLORIDA SUR - SECTOR LA CAPILLA', 'PASTO - RUTA NORTE LA UNION', 'MIERCOLES DESDE PASTO', 30, 3600, 105000
  UNION ALL SELECT 'BOGOTÁ D.C.', 'ROZO', 'CALI - PALMIRA-1', 'DIARIA', 30, 1650, 49500
) rates
JOIN cities o ON o.name = rates.origin_name
JOIN cities d ON d.name = rates.dest_name;

-- =====================================================
-- INSERTS DE TARIFAS - PARTE 9 (S)
-- Ciudades que empiezan con S desde Bogotá
-- =====================================================

INSERT INTO shipping_rates 
(origin_city_id, destination_city_id, route, travel_frequency, min_dispatch_kg, price_per_kg, min_value, effective_date)
SELECT 
  o.id as origin_city_id,
  d.id as destination_city_id,
  rates.route,
  rates.travel_frequency,
  rates.min_dispatch_kg,
  rates.price_per_kg,
  rates.min_value,
  '2025-12-29'
FROM (
  SELECT 'BOGOTÁ D.C.' as origin_name, 'SABANA DE TORRES' as dest_name, 'BUCARAMANGA - BARRANCABERMEJA' as route, 'DIARIA' as travel_frequency, 30 as min_dispatch_kg, 2600 as price_per_kg, 78000 as min_value
  UNION ALL SELECT 'BOGOTÁ D.C.', 'SABANAGRANDE', 'BARRANQUILLA AREA METROPOLITANA', 'DIARIA', 30, 2650, 79500
  UNION ALL SELECT 'BOGOTÁ D.C.', 'SABANALARGA', 'BARRANQUILLA - CARTAGENA- VIA LA CORDIALIDAD', 'LUNES Y JUEVES DESDE BARRANQUILLA', 30, 2150, 64500
  UNION ALL SELECT 'BOGOTÁ D.C.', 'SABANALARGA', 'BOGOTA - VILLANUEVA', 'DIARIA', 30, 1800, 54000
  UNION ALL SELECT 'BOGOTÁ D.C.', 'SABANETA', 'MEDELLIN AREA METROPOLITANA', 'DIARIA', 30, 1150, 34500
  UNION ALL SELECT 'BOGOTÁ D.C.', 'SABOYA', 'BOGOTA - CHIQUINQUIRA', 'DIARIA', 30, 1200, 36000
  UNION ALL SELECT 'BOGOTÁ D.C.', 'SACHICA', 'BOGOTA - TUNJA (POBLACIONES)', 'DIARIA', 30, 1400, 42000
  UNION ALL SELECT 'BOGOTÁ D.C.', 'SAHAGUN', 'BARRANQUILLA POBLACIONES MONTERIA 2', 'DOMINGO, MIERCOLES Y VIERNES', 30, 2300, 69000
  UNION ALL SELECT 'BOGOTÁ D.C.', 'SALDAÑA', 'BOGOTA - NEIVA', 'DIARIA', 30, 1200, 36000
  UNION ALL SELECT 'BOGOTÁ D.C.', 'SALENTO', 'BOGOTA - ARMENIA', 'DIARIA', 30, 2000, 60000
  UNION ALL SELECT 'BOGOTÁ D.C.', 'SAMACA', 'BOGOTA - TUNJA (POBLACIONES)', 'DIARIA', 30, 1200, 36000
  UNION ALL SELECT 'BOGOTÁ D.C.', 'SAMANIEGO', 'PASTO - RUTA PACIFICO TUMACO', 'SABADO DESDE PASTO', 30, 3450, 103500
  UNION ALL SELECT 'BOGOTÁ D.C.', 'SAMPUES', 'BARRANQUILLA POBLACIONES MONTERIA 2', 'DOMINGO, MIERCOLES Y VIERNES', 30, 2300, 69000
  UNION ALL SELECT 'BOGOTÁ D.C.', 'SAN ALBERTO', 'BUCARAMANGA - OCAÑA', 'DIARIA', 30, 1800, 54000
  UNION ALL SELECT 'BOGOTÁ D.C.', 'SAN ANDRES DE SOTAVENTO', 'BARRANQUILLA POBLACIONES MONTERIA 2', 'DOMINGO, MIERCOLES Y VIERNES', 30, 3550, 106500
  UNION ALL SELECT 'BOGOTÁ D.C.', 'SAN ANTERO', 'BARRANQUILLA POBLACIONES MONTERIA 1', 'DOMINGO, MIERCOLES Y VIERNES', 30, 2650, 79500
  UNION ALL SELECT 'BOGOTÁ D.C.', 'SAN ANTONIO DE PEREIRA', 'MEDELLIN - RIONEGRO', 'DIARIA', 30, 1300, 39000
  UNION ALL SELECT 'BOGOTÁ D.C.', 'SAN BERNARDO', 'BOGOTA - ESPINAL', 'DIARIA', 30, 2550, 76500
  UNION ALL SELECT 'BOGOTÁ D.C.', 'SAN BERNARDO', 'PASTO - RUTA NORTE LA UNION', 'MIERCOLES DESDE PASTO', 30, 3450, 103500
  UNION ALL SELECT 'BOGOTÁ D.C.', 'SAN DIEGO', 'BUCARAMANGA - POBLACIONES VALLEDUPAR', 'DIARIA', 30, 2650, 79500
  UNION ALL SELECT 'BOGOTÁ D.C.', 'SAN FRANCISCO', 'PASTO - RUTA PUTUMAYO', 'LUNES DESDE PASTO', 30, 2950, 88500
  UNION ALL SELECT 'BOGOTÁ D.C.', 'SAN GIL', 'BOGOTA - SAN GIL', 'DIARIA', 30, 1250, 37500
  UNION ALL SELECT 'BOGOTÁ D.C.', 'SAN JACINTO', 'BARRANQUILLA - SINCELEJO (POBLACIONES_1)', 'DIARIA', 30, 2600, 78000
  UNION ALL SELECT 'BOGOTÁ D.C.', 'SAN JOSE DE ALBAN', 'PASTO - RUTA NORTE LA UNION', 'MIERCOLES DESDE PASTO', 30, 3450, 103500
  UNION ALL SELECT 'BOGOTÁ D.C.', 'SAN JOSE DE MIRANDA', 'BOGOTA - CUCUTA', 'DIARIA', 30, 1550, 46500
  UNION ALL SELECT 'BOGOTÁ D.C.', 'SAN JOSE DE PARE', 'BOGOTA - SAN GIL', 'DIARIA', 30, 1250, 37500
  UNION ALL SELECT 'BOGOTÁ D.C.', 'SAN JOSE DEL GUAVIARE', 'BOGOTA - GRANADA - SAN JOSE DEL GUAVIARE', 'MIERCOLES - SABADO DESDE BOGOTA', 30, 2450, 73500
  UNION ALL SELECT 'BOGOTÁ D.C.', 'SAN JOSE DEL NUS', 'BOGOTA - PUERTO BERRIO', 'DIARIA', 30, 2300, 69000
  UNION ALL SELECT 'BOGOTÁ D.C.', 'SAN JUAN DEL CESAR', 'BARRANQUILLA - POBLACIONES MAICAO', 'LUNES Y JUEVES DESDE BARRANQUILLA', 30, 2700, 81000
  UNION ALL SELECT 'BOGOTÁ D.C.', 'SAN JUAN NEPOMUCENO', 'BARRANQUILLA - SINCELEJO (POBLACIONES_1)', 'DIARIA', 30, 2600, 78000
  UNION ALL SELECT 'BOGOTÁ D.C.', 'SAN LORENZO', 'PASTO - RUTA NORTE LA UNION', 'MIERCOLES DESDE PASTO', 30, 3450, 103500
  UNION ALL SELECT 'BOGOTÁ D.C.', 'SAN LUIS DE GACENO', 'BOGOTA - VILLANUEVA', 'DIARIA', 30, 2200, 66000
  UNION ALL SELECT 'BOGOTÁ D.C.', 'SAN LUIS DE PALENQUE', 'BOGOTA - TRINIDAD', 'DIARIA', 30, 1750, 52500
  UNION ALL SELECT 'BOGOTÁ D.C.', 'SAN MARCOS', 'BARRANQUILLA POBLACIONES MONTERIA 1', 'DOMINGO, MIERCOLES Y VIERNES', 30, 3200, 96000
  UNION ALL SELECT 'BOGOTÁ D.C.', 'SAN MARTIN', 'BUCARAMANGA - OCAÑA', 'DIARIA', 30, 1800, 54000
  UNION ALL SELECT 'BOGOTÁ D.C.', 'SAN MARTIN', 'BOGOTA - GRANADA', 'DIARIA', 30, 1550, 46500
  UNION ALL SELECT 'BOGOTÁ D.C.', 'SAN MATEO', 'BOGOTA - NORTE DE BOYACA', 'MARTES DESDE BOGOTA', 30, 1700, 51000
  UNION ALL SELECT 'BOGOTÁ D.C.', 'SAN MIGUEL', 'BOGOTA - PITALITO - ORITO', 'MIERCOLES - SABADO DESDE BOGOTA', 30, 2700, 81000
  UNION ALL SELECT 'BOGOTÁ D.C.', 'SAN ONOFRE', 'BARRANQUILLA POBLACIONES MONTERIA 1', 'DOMINGO, MIERCOLES Y VIERNES', 30, 2650, 79500
  UNION ALL SELECT 'BOGOTÁ D.C.', 'SAN PABLO', 'PASTO - RUTA NORTE LA UNION', 'MIERCOLES DESDE PASTO', 30, 3450, 103500
  UNION ALL SELECT 'BOGOTÁ D.C.', 'SAN PEDRO', 'BARRANQUILLA - SINCELEJO (POBLACIONES_1)', 'DIARIA', 30, 2900, 87000
  UNION ALL SELECT 'BOGOTÁ D.C.', 'SAN PEDRO', 'CALI - CARTAGO', 'DIARIA', 30, 1800, 54000
  UNION ALL SELECT 'BOGOTÁ D.C.', 'SAN PELAYO', 'BARRANQUILLA POBLACIONES MONTERIA 1', 'DOMINGO, MIERCOLES Y VIERNES', 30, 2900, 87000
  UNION ALL SELECT 'BOGOTÁ D.C.', 'SAN RAIMUNDO', 'BOGOTA - ESPINAL', 'DIARIA', 30, 1100, 33000
  UNION ALL SELECT 'BOGOTÁ D.C.', 'SAN ROQUE', 'BUCARAMANGA - POBLACIONES VALLEDUPAR', 'DIARIA', 30, 2650, 79500
  UNION ALL SELECT 'BOGOTÁ D.C.', 'SAN VICENTE DEL CAGUAN', 'BOGOTA - FLORENCIA - SAN VICENTE DEL CAGUAN', 'MIERCOLES - SABADO DESDE BOGOTA', 30, 2750, 82500
  UNION ALL SELECT 'BOGOTÁ D.C.', 'SANDONA', 'PASTO - RUTA ORIENTE SANDONA', 'MARTES DESDE PASTO', 30, 2950, 88500
  UNION ALL SELECT 'BOGOTÁ D.C.', 'SANTA CATALINA', 'BARRANQUILLA - CARTAGENA- VIA LA CORDIALIDAD', 'LUNES Y JUEVES DESDE BARRANQUILLA', 30, 2450, 73500
  UNION ALL SELECT 'BOGOTÁ D.C.', 'SANTA FE DE ANTIOQUIA', 'MEDELLIN - APARTADO', 'MIERCOLES - SABADO DESDE MEDELLIN', 30, 2650, 79500
  UNION ALL SELECT 'BOGOTÁ D.C.', 'SANTA MARIA', 'BOGOTA - VILLANUEVA', 'DIARIA', 30, 1800, 54000
  UNION ALL SELECT 'BOGOTÁ D.C.', 'SANTA MARTA', 'BARRANQUILLA - SANTA MARTA', 'DIARIA', 30, 2100, 63000
  UNION ALL SELECT 'BOGOTÁ D.C.', 'SANTA ROSA DE CABAL', 'BOGOTA - PEREIRA', 'DIARIA', 30, 1300, 39000
  UNION ALL SELECT 'BOGOTÁ D.C.', 'SANTA ROSA DE OSOS', 'MEDELLIN - CAUCASIA', 'DIARIA', 30, 2250, 67500
  UNION ALL SELECT 'BOGOTÁ D.C.', 'SANTA ROSA DE VITERBO', 'BOGOTA - DUITAMA', 'DIARIA', 30, 1550, 46500
  UNION ALL SELECT 'BOGOTÁ D.C.', 'SANTA TERESA', 'BOGOTA - SOGAMOSO', 'DIARIA', 30, 1000, 30000
  UNION ALL SELECT 'BOGOTÁ D.C.', 'SANTA VERONICA', 'BARRANQUILLA - CARTAGENA- VIA AL MAR', 'LUNES Y JUEVES DESDE BARRANQUILLA', 30, 2150, 64500
  UNION ALL SELECT 'BOGOTÁ D.C.', 'SANTANA', 'BOGOTA - SAN GIL', 'DIARIA', 30, 1250, 37500
  UNION ALL SELECT 'BOGOTÁ D.C.', 'SANTANA', 'BOGOTA - PITALITO - ORITO', 'MIERCOLES - SABADO DESDE BOGOTA', 30, 2700, 81000
  UNION ALL SELECT 'BOGOTÁ D.C.', 'SANTANDER DE QUILICHAO', 'CALI - PALMIRA-2', 'DIARIA', 30, 1600, 48000
  UNION ALL SELECT 'BOGOTÁ D.C.', 'SANTIAGO', 'PASTO - RUTA PUTUMAYO', 'LUNES DESDE PASTO', 30, 2950, 88500
  UNION ALL SELECT 'BOGOTÁ D.C.', 'SANTIAGO DE TOLU', 'BARRANQUILLA POBLACIONES MONTERIA 1', 'DOMINGO, MIERCOLES Y VIERNES', 30, 2650, 79500
  UNION ALL SELECT 'BOGOTÁ D.C.', 'SANTO TOMAS', 'BARRANQUILLA AREA METROPOLITANA', 'DIARIA', 30, 2400, 72000
  UNION ALL SELECT 'BOGOTÁ D.C.', 'SARAVENA', 'BOGOTA - ARAUCA', 'DIARIA', 30, 1700, 51000
  UNION ALL SELECT 'BOGOTÁ D.C.', 'SASAIMA', 'BOGOTA - HONDA', 'MARTES, JUEVES Y SABADO', 30, 1150, 34500
  UNION ALL SELECT 'BOGOTÁ D.C.', 'SEGOVIA', 'MEDELLIN - ZARAGOZA', 'LUNES DESDE MEDELLIN', 30, 3450, 103500
  UNION ALL SELECT 'BOGOTÁ D.C.', 'SESQUILE', 'SABANA TOCANCIPA', 'DIARIA', 30, 1050, 31500
  UNION ALL SELECT 'BOGOTÁ D.C.', 'SEVILLA', 'CALI - CARTAGO', 'DIARIA', 30, 2400, 72000
  UNION ALL SELECT 'BOGOTÁ D.C.', 'SIBATE', 'SUR BAJO 2', 'DIARIA', 30, 850, 25500
  UNION ALL SELECT 'BOGOTÁ D.C.', 'SIBUNDOY', 'PASTO - RUTA PUTUMAYO', 'LUNES DESDE PASTO', 30, 2950, 88500
  UNION ALL SELECT 'BOGOTÁ D.C.', 'SILVANIA', 'BOGOTA - ESPINAL', 'DIARIA', 30, 1100, 33000
  UNION ALL SELECT 'BOGOTÁ D.C.', 'SIMIJACA', 'BOGOTA - CHIQUINQUIRA', 'DIARIA', 30, 1000, 30000
  UNION ALL SELECT 'BOGOTÁ D.C.', 'SINCELEJO', 'BARRANQUILLA - SINCELEJO', 'DIARIA', 30, 2250, 67500
  UNION ALL SELECT 'BOGOTÁ D.C.', 'SOACHA', 'SUR BAJO 2', 'DIARIA', 30, 850, 25500
  UNION ALL SELECT 'BOGOTÁ D.C.', 'SOATA', 'BOGOTA - CUCUTA', 'DIARIA', 30, 1550, 46500
  UNION ALL SELECT 'BOGOTÁ D.C.', 'SOCORRO', 'BOGOTA - SAN GIL', 'DIARIA', 30, 1250, 37500
  UNION ALL SELECT 'BOGOTÁ D.C.', 'SOGAMOSO', 'BOGOTA - SOGAMOSO', 'DIARIA', 30, 1000, 30000
  UNION ALL SELECT 'BOGOTÁ D.C.', 'SOLEDAD', 'BARRANQUILLA AREA METROPOLITANA', 'DIARIA', 30, 1550, 46500
  UNION ALL SELECT 'BOGOTÁ D.C.', 'SONSO', 'CALI - PALMIRA-1', 'DIARIA', 30, 2250, 67500
  UNION ALL SELECT 'BOGOTÁ D.C.', 'SOPO', 'SABANA TOCANCIPA', 'DIARIA', 30, 700, 21000
  UNION ALL SELECT 'BOGOTÁ D.C.', 'SORA', 'BOGOTA - TUNJA (POBLACIONES)', 'DIARIA', 30, 1200, 36000
  UNION ALL SELECT 'BOGOTÁ D.C.', 'SORACA', 'BOGOTA - TUNJA', 'DIARIA', 30, 1150, 34500
) rates
JOIN cities o ON o.name = rates.origin_name
JOIN cities d ON d.name = rates.dest_name;

-- =====================================================
-- INSERTS DE TARIFAS - PARTE 10 (T-U-V-Y-Z)
-- Ciudades que empiezan con T, U, V, Y y Z desde Bogotá
-- =====================================================

INSERT INTO shipping_rates 
(origin_city_id, destination_city_id, route, travel_frequency, min_dispatch_kg, price_per_kg, min_value, effective_date)
SELECT 
  o.id as origin_city_id,
  d.id as destination_city_id,
  rates.route,
  rates.travel_frequency,
  rates.min_dispatch_kg,
  rates.price_per_kg,
  rates.min_value,
  '2025-12-29'
FROM (
  SELECT 'BOGOTÁ D.C.' as origin_name, 'SOTAQUIRA' as dest_name, 'BOGOTA - DUITAMA' as route, 'DIARIA' as travel_frequency, 30 as min_dispatch_kg, 1300 as price_per_kg, 39000 as min_value
  UNION ALL SELECT 'BOGOTÁ D.C.', 'SUAITA', 'BOGOTA - SAN GIL', 'DIARIA', 30, 3250, 97500
  UNION ALL SELECT 'BOGOTÁ D.C.', 'SUAN', 'BARRANQUILLA - SINCELEJO (POBLACIONES_1)', 'DIARIA', 30, 2150, 64500
  UNION ALL SELECT 'BOGOTÁ D.C.', 'SUAZA', 'BOGOTA - FLORENCIA', 'DIARIA', 30, 1600, 48000
  UNION ALL SELECT 'BOGOTÁ D.C.', 'SUBACHOQUE', 'SABANA FACA', 'DIARIA', 30, 850, 25500
  UNION ALL SELECT 'BOGOTÁ D.C.', 'SUBIA', 'BOGOTA - ESPINAL', 'DIARIA', 30, 1100, 33000
  UNION ALL SELECT 'BOGOTÁ D.C.', 'SUESCA', 'SABANA TOCANCIPA', 'DIARIA', 30, 1050, 31500
  UNION ALL SELECT 'BOGOTÁ D.C.', 'SUSA', 'BOGOTA - CHIQUINQUIRA', 'DIARIA', 30, 1400, 42000
  UNION ALL SELECT 'BOGOTÁ D.C.', 'SUSACON', 'BOGOTA - CUCUTA', 'DIARIA', 30, 1550, 46500
  UNION ALL SELECT 'BOGOTÁ D.C.', 'SUTAMARCHAN', 'BOGOTA - TUNJA (POBLACIONES)', 'DIARIA', 30, 1400, 42000
  UNION ALL SELECT 'BOGOTÁ D.C.', 'SUTATAUSA', 'BOGOTA - CHIQUINQUIRA', 'DIARIA', 30, 1400, 42000
  UNION ALL SELECT 'BOGOTÁ D.C.', 'TABIO', 'SABANA CHIA', 'DIARIA', 30, 700, 21000
  UNION ALL SELECT 'BOGOTÁ D.C.', 'TAME', 'BOGOTA - ARAUCA', 'DIARIA', 30, 1650, 49500
  UNION ALL SELECT 'BOGOTÁ D.C.', 'TAMINANGO', 'PASTO - RUTA NORTE LA UNION', 'MIERCOLES DESDE PASTO', 30, 3450, 103500
  UNION ALL SELECT 'BOGOTÁ D.C.', 'TANGUA', 'PASTO - RUTA PACIFICO TUMACO', 'SABADO DESDE PASTO', 30, 3450, 103500
  UNION ALL SELECT 'BOGOTÁ D.C.', 'TARAZA', 'MEDELLIN - CAUCASIA', 'DIARIA', 30, 2250, 67500
  UNION ALL SELECT 'BOGOTÁ D.C.', 'TAURAMENA', 'BOGOTA - TAURAMENA', 'DIARIA', 30, 1400, 42000
  UNION ALL SELECT 'BOGOTÁ D.C.', 'TAUSA', 'BOGOTA - CHIQUINQUIRA', 'DIARIA', 30, 1200, 36000
  UNION ALL SELECT 'BOGOTÁ D.C.', 'TENJO', 'SABANA CHIA', 'DIARIA', 30, 700, 21000
  UNION ALL SELECT 'BOGOTÁ D.C.', 'TENZA', 'BOGOTA - VILLANUEVA', 'DIARIA', 30, 2750, 82500
  UNION ALL SELECT 'BOGOTÁ D.C.', 'TESALIA', 'BOGOTA - PITALITO', 'DIARIA', 30, 2400, 72000
  UNION ALL SELECT 'BOGOTÁ D.C.', 'TIBANA', 'RUTA MIRAFLORES', 'MARTES DESDE BOGOTA', 30, 2200, 66000
  UNION ALL SELECT 'BOGOTÁ D.C.', 'TIBASOSA', 'BOGOTA - SOGAMOSO', 'DIARIA', 30, 1000, 30000
  UNION ALL SELECT 'BOGOTÁ D.C.', 'TIMAÑA', 'BOGOTA - PITALITO', 'DIARIA', 30, 1550, 46500
  UNION ALL SELECT 'BOGOTÁ D.C.', 'TIMBIO', 'CALI - POPAYAN', 'DIARIA', 30, 2650, 79500
  UNION ALL SELECT 'BOGOTÁ D.C.', 'TINJACA', 'BOGOTA - TUNJA (POBLACIONES)', 'DIARIA', 30, 1200, 36000
  UNION ALL SELECT 'BOGOTÁ D.C.', 'TIPACOQUE', 'BOGOTA - CUCUTA', 'DIARIA', 30, 1550, 46500
  UNION ALL SELECT 'BOGOTÁ D.C.', 'TOCAIMA', 'BOGOTA - ESPINAL - LA MESA', 'DIARIA', 30, 1100, 33000
  UNION ALL SELECT 'BOGOTÁ D.C.', 'TOCANCIPA', 'SABANA TOCANCIPA', 'DIARIA', 30, 700, 21000
  UNION ALL SELECT 'BOGOTÁ D.C.', 'TOGUI', 'BOGOTA - SAN GIL', 'DIARIA', 30, 3300, 99000
  UNION ALL SELECT 'BOGOTÁ D.C.', 'TOLU VIEJO', 'BARRANQUILLA POBLACIONES MONTERIA 1', 'DOMINGO, MIERCOLES Y VIERNES', 30, 2650, 79500
  UNION ALL SELECT 'BOGOTÁ D.C.', 'TORO', 'CALI - CARTAGO', 'DIARIA', 30, 2400, 72000
  UNION ALL SELECT 'BOGOTÁ D.C.', 'TRINIDAD', 'BOGOTA - TRINIDAD', 'DIARIA', 30, 1750, 52500
  UNION ALL SELECT 'BOGOTÁ D.C.', 'TUCHIN', 'BARRANQUILLA POBLACIONES MONTERIA 2', 'DOMINGO, MIERCOLES Y VIERNES', 30, 3550, 106500
  UNION ALL SELECT 'BOGOTÁ D.C.', 'TUCURINCA', 'BARRANQUILLA - POBLACIONES VALLEDUPAR', 'DIARIA', 30, 2650, 79500
  UNION ALL SELECT 'BOGOTÁ D.C.', 'TULUA', 'CALI - CARTAGO', 'DIARIA', 30, 1800, 54000
  UNION ALL SELECT 'BOGOTÁ D.C.', 'TUMACO', 'PASTO - RUTA PACIFICO TUMACO', 'SABADO DESDE PASTO', 30, 2950, 88500
  UNION ALL SELECT 'BOGOTÁ D.C.', 'TUNIA', 'CALI - POPAYAN', 'DIARIA', 30, 2400, 72000
  UNION ALL SELECT 'BOGOTÁ D.C.', 'TUNJA', 'BOGOTA - TUNJA', 'DIARIA', 30, 950, 28500
  UNION ALL SELECT 'BOGOTÁ D.C.', 'TUQUERRES', 'PASTO - RUTA SUR POBLACIONES IPIALES', 'JUEVES Y SABADO DESDE PASTO', 30, 2950, 88500
  UNION ALL SELECT 'BOGOTÁ D.C.', 'TURBACO', 'CARTAGENA - POBLACIONES', 'JUEVES DESDE CARTAGENA', 30, 1900, 57000
  UNION ALL SELECT 'BOGOTÁ D.C.', 'TURBO', 'MEDELLIN - APARTADO', 'MIERCOLES - SABADO DESDE MEDELLIN', 30, 2250, 67500
  UNION ALL SELECT 'BOGOTÁ D.C.', 'TUTA', 'BOGOTA - DUITAMA', 'DIARIA', 30, 1300, 39000
  UNION ALL SELECT 'BOGOTÁ D.C.', 'UMBITA', 'RUTA MIRAFLORES', 'MARTES DESDE BOGOTA', 30, 2200, 66000
  UNION ALL SELECT 'BOGOTÁ D.C.', 'UNE', 'BOGOTA - VILLAVICENCIO', 'DIARIA', 30, 2650, 79500
  UNION ALL SELECT 'BOGOTÁ D.C.', 'URIBIA', 'BARRANQUILLA - RIOHACHA', 'DOMINGO, MIERCOLES Y VIERNES', 30, 3050, 91500
  UNION ALL SELECT 'BOGOTÁ D.C.', 'URUMITA', 'BARRANQUILLA - POBLACIONES MAICAO', 'LUNES Y JUEVES DESDE BARRANQUILLA', 30, 2700, 81000
  UNION ALL SELECT 'BOGOTÁ D.C.', 'VADO REAL', 'BOGOTA - SAN GIL', 'DIARIA', 30, 1250, 37500
  UNION ALL SELECT 'BOGOTÁ D.C.', 'VALDIVIA', 'MEDELLIN - CAUCASIA', 'DIARIA', 30, 2250, 67500
  UNION ALL SELECT 'BOGOTÁ D.C.', 'VALENCIA DE JESUS', 'BARRANQUILLA - POBLACIONES VALLEDUPAR', 'DIARIA', 30, 2650, 79500
  UNION ALL SELECT 'BOGOTÁ D.C.', 'VALLE DEL GUAMUEZ', 'PASTO - RUTA PUTUMAYO', 'LUNES DESDE PASTO', 30, 3450, 103500
  UNION ALL SELECT 'BOGOTÁ D.C.', 'VALLEDUPAR', 'BARRANQUILLA - POBLACIONES VALLEDUPAR', 'DIARIA', 30, 2650, 79500
  UNION ALL SELECT 'BOGOTÁ D.C.', 'VELEZ', 'BOGOTA - POBLACIONES BARRANCABERMEJA', 'DIARIA', 30, 1700, 51000
  UNION ALL SELECT 'BOGOTÁ D.C.', 'VENADILLO', 'BOGOTA - HONDA', 'DIARIA', 30, 1700, 51000
  UNION ALL SELECT 'BOGOTÁ D.C.', 'VENECIA', 'BOGOTA - ESPINAL', 'DIARIA', 30, 2550, 76500
  UNION ALL SELECT 'BOGOTÁ D.C.', 'VENTAQUEMADA', 'BOGOTA - TUNJA (POBLACIONES)', 'DIARIA', 30, 1150, 34500
  UNION ALL SELECT 'BOGOTÁ D.C.', 'VIJES', 'CALI - PALMIRA-2', 'DIARIA', 30, 1950, 58500
  UNION ALL SELECT 'BOGOTÁ D.C.', 'VILLA CAROLA', 'BOGOTA - TAURAMENA', 'DIARIA', 30, 1350, 40500
  UNION ALL SELECT 'BOGOTÁ D.C.', 'VILLA DE LEYVA', 'BOGOTA - TUNJA (POBLACIONES)', 'DIARIA', 30, 1200, 36000
  UNION ALL SELECT 'BOGOTÁ D.C.', 'VILLA DE SAN DIEGO DE UBATE', 'BOGOTA - CHIQUINQUIRA', 'DIARIA', 30, 1000, 30000
  UNION ALL SELECT 'BOGOTÁ D.C.', 'VILLA RICA', 'CALI - PALMIRA-2', 'DIARIA', 30, 1600, 48000
  UNION ALL SELECT 'BOGOTÁ D.C.', 'VILLAGARZON', 'BOGOTA - PITALITO - ORITO', 'MIERCOLES - SABADO DESDE BOGOTA', 30, 2700, 81000
  UNION ALL SELECT 'BOGOTÁ D.C.', 'VILLAMARIA', 'BOGOTA - MANIZALES', 'DIARIA', 30, 1200, 36000
  UNION ALL SELECT 'BOGOTÁ D.C.', 'VILLANUEVA', 'BOGOTA - VILLANUEVA', 'DIARIA', 30, 1350, 40500
  UNION ALL SELECT 'BOGOTÁ D.C.', 'VILLANUEVA', 'BARRANQUILLA - POBLACIONES MAICAO', 'LUNES Y JUEVES DESDE BARRANQUILLA', 30, 2700, 81000
  UNION ALL SELECT 'BOGOTÁ D.C.', 'VILLAPINZON', 'BOGOTA - TUNJA (POBLACIONES)', 'DIARIA', 30, 1150, 34500
  UNION ALL SELECT 'BOGOTÁ D.C.', 'VILLAVICENCIO', 'BOGOTA - VILLAVICENCIO', 'DIARIA', 30, 1050, 31500
  UNION ALL SELECT 'BOGOTÁ D.C.', 'VILLETA', 'BOGOTA - HONDA', 'DIARIA', 30, 1150, 34500
  UNION ALL SELECT 'BOGOTÁ D.C.', 'YACUANQUER', 'PASTO - RUTA ORIENTE SANDONA', 'MARTES DESDE PASTO', 30, 3450, 103500
  UNION ALL SELECT 'BOGOTÁ D.C.', 'YARUMAL', 'MEDELLIN - CAUCASIA', 'DIARIA', 30, 2250, 67500
  UNION ALL SELECT 'BOGOTÁ D.C.', 'YOLOMBO', 'MEDELLIN - ZARAGOZA', 'LUNES DESDE MEDELLIN', 30, 3450, 103500
  UNION ALL SELECT 'BOGOTÁ D.C.', 'YONDO', 'BOGOTA - BARRANCABERMEJA', 'DIARIA', 30, 2150, 64500
  UNION ALL SELECT 'BOGOTÁ D.C.', 'YOPAL', 'BOGOTA - YOPAL', 'DIARIA', 30, 1200, 36000
  UNION ALL SELECT 'BOGOTÁ D.C.', 'YOTOCO', 'CALI - CARTAGO', 'DIARIA', 30, 2200, 66000
  UNION ALL SELECT 'BOGOTÁ D.C.', 'YUMBO', 'CALI AREA METROPOLITANA', 'DIARIA', 30, 1150, 34500
  UNION ALL SELECT 'BOGOTÁ D.C.', 'ZARAGOZA', 'MEDELLIN - ZARAGOZA', 'LUNES DESDE MEDELLIN', 30, 3450, 103500
  UNION ALL SELECT 'BOGOTÁ D.C.', 'ZARAGOZA', 'CALI - PEREIRA', 'DIARIA', 30, 1150, 34500
  UNION ALL SELECT 'BOGOTÁ D.C.', 'ZARZAL', 'CALI - CARTAGO', 'DIARIA', 30, 2200, 66000
  UNION ALL SELECT 'BOGOTÁ D.C.', 'ZETAQUIRA', 'RUTA MIRAFLORES', 'MARTES DESDE BOGOTA', 30, 2650, 79500
  UNION ALL SELECT 'BOGOTÁ D.C.', 'ZIPAQUIRA', 'SABANA ZIPAQUIRA', 'DIARIA', 30, 750, 22500
) rates
JOIN cities o ON o.name = rates.origin_name
JOIN cities d ON d.name = rates.dest_name;